Index_initial	Name_initial	Name_trimmed	Note	seq_counts	# assembly_accession	bioproject	biosample	wgs_master	refseq_category	taxid	species_taxid	organism_name	infraspecific_name	isolate	version_status	assembly_level	release_type	genome_rep	seq_rel_date	asm_name	submitter	gbrs_paired_asm	paired_asm_comp	ftp_path	excluded_from_refseq	relation_to_type_material	taxid_matched	species_taxid_matched	file_name	merge_index	id	bofTemplateType	species_experiment	designation in screen	GMM	BHI++	WCA	mGAM	M1	M2	M3	M4	M5	M7	M8	M9	M10	M11	M13	M14	M15A	M15B	M16	version_1_rxn_count	version_1_met_count	version_1_gen_count	version_1_gap_count	version_1_growth_rate	draft_rxn_count	draft_met_count	draft_gen_count
1.0	Bacteroides_dorei_vulgatus	Bacteroides dorei		51.0	GCF_000156075.1	PRJNA224116	SAMN00000029	ABWZ00000000.1	na	483217	357276	Bacteroides dorei DSM 17855	strain=DSM 17855		latest	Scaffold	Major	Full	2008/10/09	ASM15607v1	Washington University Genome Sequencing Center	GCA_000156075.1	identical	ftp://ftp.ncbi.nlm.nih.gov/genomes/all/GCF/000/156/075/GCF_000156075.1_ASM15607v1		assembly from type material	True	True	Bacteroides_dorei_DSM_17855	1	1	GramNegative	B. dorei	B. dorei	0.545 (0.098)	0.29 (0.013)	0.242 (0.015)	0.75 (0.039)	0	0.45 (0.038)	0.915 (0.036)	0.928 (0.029)	0.919 (0.011)	0.537 (NA)	0.881 (0.008)	0	0	0.798 (0.127)	0	0.259 (0.04)				1519.0	1781.0	1124.0	108.0	0.3780060720249342	852.0	1187.0	804.0
1.1		Bacteroides vulgatus		92.0	GCF_000012825.1	PRJNA224116	SAMN02604309		representative genome	435590	821	Bacteroides vulgatus ATCC 8482	strain=ATCC 8482		latest	Complete Genome	Major	Full	2007/06/27	ASM1282v1	Washington University (WashU)	GCA_000012825.1	identical	ftp://ftp.ncbi.nlm.nih.gov/genomes/all/GCF/000/012/825/GCF_000012825.1_ASM1282v1		assembly from type material	True	True	Bacteroides_vulgatus_ATCC_8482	1	1	GramNegative	B. vulgatus	B. vulgatus	0.656 (0.152)	0.906 (0.492)	1.033 (0.525)	1.095 (0.422)	0	0.97 (NA)	0.835 (0.017)	0.807 (0.045)	0.865 (0.026)	0.638 (0.044)	0.77 (0.095)	0	0.535 (0.095)	0.577 (0.034)	0	0.494 (0.351)	0.0	0.0	0.0	1469.0	1700.0	1084.0	111.0	0.18659141061893522	800.0	1106.0	764.0
2.0	Bacteroides_uniformis	Bacteroides uniformis		151.0	GCF_000154205.1	PRJNA224116	SAMN00627060	AAYH00000000.2	representative genome	411479	820	Bacteroides uniformis ATCC 8492	strain=ATCC 8492		latest	Scaffold	Major	Full	2007/07/30	ASM15420v1	Washington University Genome Sequencing Center	GCA_000154205.1	identical	ftp://ftp.ncbi.nlm.nih.gov/genomes/all/GCF/000/154/205/GCF_000154205.1_ASM15420v1		assembly from type material	True	True	Bacteroides_uniformis_ATCC_8492	2	2	GramNegative	B. uniformis	B. uniformis	0.774 (0.303)	0.212 (0.025)	0.182 (0.076)	1.212 (0.253)	0	0	0	0.529 (0.465)	0.682 (0.282)	0	0	0	0.636 (NA)	0	0.254 (0.181)	0.231 (NA)	0.0	0.0	0.0	1355.0	1649.0	992.0	0.0	0.0	795.0	1094.0	799.0
3.0	Faecalibacterium_prausnitzii	Faecalibacterium prausnitzii		79.0	GCF_000162015.1	PRJNA224116	SAMN00008827	ACOP00000000.2	representative genome	411483	853	Faecalibacterium prausnitzii A2-165	strain=A2-165		latest	Scaffold	Major	Full	2009/07/22	ASM16201v1	Washington University Genome Sequencing Center	GCA_000162015.1	identical	ftp://ftp.ncbi.nlm.nih.gov/genomes/all/GCF/000/162/015/GCF_000162015.1_ASM16201v1					Faecalibacterium_prausnitzii_A2-165	3	3	GramPositive																						1244.0	1423.0	820.0	104.0	0.31340690654486747	583.0	826.0	522.0
4.0	Parabacteroides_distasonis	Parabacteroides distasonis		79.0	GCF_000012845.1	PRJNA224116	SAMN02604310		representative genome	435591	823	Parabacteroides distasonis ATCC 8503	strain=ATCC 8503		latest	Complete Genome	Major	Full	2007/06/27	ASM1284v1	Washington University (WashU)	GCA_000012845.1	identical	ftp://ftp.ncbi.nlm.nih.gov/genomes/all/GCF/000/012/845/GCF_000012845.1_ASM1284v1		assembly from type material	True	True	Parabacteroides_distasonis_ATCC_8503	4	4	GramNegative	P. distasonis	P. distasonis	0.625 (0.059)	0.209 (NA)	0.196 (NA)	0.504 (0.009)	0	0	0.684 (NA)	0.732 (NA)	0.704 (0.078)	0.662 (NA)	0.766 (0.088)	0	0	0.717 (NA)	0	0				1403.0	1705.0	994.0	0.0	0.0	845.0	1158.0	803.0
5.0	Eubacterium_rectale	[Eubacterium] rectale		53.0	GCF_000020605.1	PRJNA224116	SAMN02603082		representative genome	515619	39491	[Eubacterium] rectale ATCC 33656	strain=ATCC 33656		latest	Complete Genome	Major	Full	2009/06/04	ASM2060v1	Center for Genome Sciences, Washington University School of Medicine	GCA_000020605.1	identical	ftp://ftp.ncbi.nlm.nih.gov/genomes/all/GCF/000/020/605/GCF_000020605.1_ASM2060v1		assembly from type material			[Eubacterium]_rectale_ATCC_33656	5	5	GramPositive																						1253.0	1452.0	857.0	68.0	0.31469176504125757	630.0	884.0	600.0
6.0	Alistipes_putredinis	Alistipes putredinis		2.0	GCF_000154465.1	PRJNA224116	SAMN00000002	ABFK00000000.2	representative genome	445970	28117	Alistipes putredinis DSM 17216	strain=DSM 17216		latest	Scaffold	Major	Full	2007/11/01	ASM15446v1	Washington University Genome Sequencing Center	GCA_000154465.1	identical	ftp://ftp.ncbi.nlm.nih.gov/genomes/all/GCF/000/154/465/GCF_000154465.1_ASM15446v1		assembly from type material	True	True	Alistipes_putredinis_DSM_17216	6	6	GramNegative	A. putredinis	A. putredinis	0	0	0	0	0	0	0	0	0	0	0	0	0	0	0	0				1127.0	1358.0	621.0	0.0	0.0	565.0	809.0	437.0
7.0	Odoribacter_splanchnicus	Odoribacter splanchnicus		14.0	GCF_000190535.1	PRJNA224116	SAMN00713588		representative genome	709991	28118	Odoribacter splanchnicus DSM 20712	strain=DSM 220712		latest	Complete Genome	Major	Full	2011/02/28	ASM19053v1	US DOE Joint Genome Institute (JGI-PGF)	GCA_000190535.1	identical	ftp://ftp.ncbi.nlm.nih.gov/genomes/all/GCF/000/190/535/GCF_000190535.1_ASM19053v1		assembly from type material	True	True	Odoribacter_splanchnicus_DSM_20712	7	7	GramNegative	O. splanchnicus	O. splanchnicus	0.332 (0.033)	0	0.492 (NA)	0.696 (0.071)	0	0	0	0	0	0	0	0	0	0	0	0				1257.0	1534.0	851.0	0.0	0.0	697.0	976.0	659.0
8.0	Ruminococcus_bromii	Ruminococcus bromii		18.0	GCF_900101355.1	PRJNA224116	SAMN02910441	FMUV00000000.1	representative genome	40518	40518	Ruminococcus bromii	strain=YE282		latest	Contig	Major	Full	2016/10/17	IMG-taxon 2593339225 annotated assembly	DOE - JOINT GENOME INSTITUTE	GCA_900101355.1	identical	ftp://ftp.ncbi.nlm.nih.gov/genomes/all/GCF/900/101/355/GCF_900101355.1_IMG-taxon_2593339225_annotated_assembly					Ruminococcus_bromii	8	8	GramPositive																						1191.0	1373.0	741.0	68.0	0.26601180303237154	567.0	810.0	478.0
9.0	Parabacteroides_merdae	Parabacteroides merdae		36.0	GCF_000154105.1	PRJNA224116	SAMN00627057	AAXE00000000.2	na	411477	46503	Parabacteroides merdae ATCC 43184	strain=ATCC 43184		latest	Scaffold	Major	Full	2007/05/25	ASM15410v1	Washington University Genome Sequencing Center	GCA_000154105.1	identical	ftp://ftp.ncbi.nlm.nih.gov/genomes/all/GCF/000/154/105/GCF_000154105.1_ASM15410v1		assembly from type material	True	True	Parabacteroides_merdae_ATCC_43184	9	9	GramNegative	P. merdae	P. merdae	0.154 (NA)	0.271 (NA)	0.21 (0.003)	0.643 (0.006)	0	0	0.204 (0.123)	0	0.609 (NA)	0	0.491 (0.051)	0	0	0.398 (NA)	0.145 (0.001)	0				1333.0	1636.0	906.0	0.0	0.0	774.0	1083.0	715.0
10.0	Bacteroides_thetaiotaomicron	Bacteroides thetaiotaomicron		41.0	GCF_000011065.1	PRJNA62913	SAMN02604314		reference genome	226186	818	Bacteroides thetaiotaomicron VPI-5482	strain=VPI-5482		latest	Complete Genome	Major	Full	2003/03/28	ASM1106v1	Washington University Department of Molecular Biology and Pharmacology	GCA_000011065.1	identical	ftp://ftp.ncbi.nlm.nih.gov/genomes/all/GCF/000/011/065/GCF_000011065.1_ASM1106v1		assembly from type material	True	True	Bacteroides_thetaiotaomicron_VPI-5482	10	10	GramNegative	B. thetaiotaomicron	B. thetaiotaomicron	0.742 (0.379)	0.724 (0.358)	0.656 (0.278)	1.259 (0.27)	0	0.194 (0.042)	0.453 (0.072)	0.435 (NA)	0.564 (0.138)	0.174 (0.164)	0.893 (0.268)	0	0.143 (NA)	0.695 (NA)	0.424 (0.22)	0	0.0	0.0	0.0	1491.0	1728.0	1180.0	108.0	1.8220352571110312	827.0	1128.0	861.0
11.0	Bacteroides_xylanisolvens	Bacteroides xylanisolvens		90.0	GCF_006546965.1	PRJNA224116	SAMN12137749		na	371601	371601	Bacteroides xylanisolvens	strain=H207		latest	Complete Genome	Major	Full	2019/07/03	ASM654696v1	University of Washington	GCA_006546965.1	identical	ftp://ftp.ncbi.nlm.nih.gov/genomes/all/GCF/006/546/965/GCF_006546965.1_ASM654696v1				True	Bacteroides_xylanisolvens	11	11	GramNegative																						1470.0	1701.0	1119.0	102.0	1.822059934718006	811.0	1102.0	806.0
12.0	Ruminococcus_sp__5_1_39BFAA	Ruminococcus sp. 5_1_39BFAA		1.0	GCF_000159975.2	PRJNA224116	SAMN02463719	ACII00000000.2	na	457412	457412	Ruminococcus sp. 5_1_39BFAA	strain=5_1_39BFAA		latest	Contig	Major	Full	2013/08/28	Ruminococus_sp_5_1_39B_FAA_V2	Broad Institute	GCA_000159975.2	identical	ftp://ftp.ncbi.nlm.nih.gov/genomes/all/GCF/000/159/975/GCF_000159975.2_Ruminococus_sp_5_1_39B_FAA_V2					Ruminococcus_sp._5_1_39BFAA	12	12	GramPositive																						1343.0	1555.0	987.0	62.0	0.3123134862233641	728.0	1001.0	730.0
13.0	Bacteroides_ovatus	Bacteroides ovatus		53.0	GCF_001314995.1	PRJNA224116	SAMN03852683		representative genome	28116	28116	Bacteroides ovatus	strain=ATCC 8483		latest	Complete Genome	Major	Full	2015/10/15	ASM131499v1	Washington University in St. Louis	GCA_001314995.1	identical	ftp://ftp.ncbi.nlm.nih.gov/genomes/all/GCF/001/314/995/GCF_001314995.1_ASM131499v1		assembly from type material		True	Bacteroides_ovatus	13	13	GramNegative																						1498.0	1728.0	1165.0	104.0	0.2545789397248352	836.0	1133.0	847.0
14.0	Roseburia_inulinivorans	Roseburia inulinivorans		12.0	GCF_000174195.1	PRJNA224116	SAMN00008857	ACFY00000000.1	representative genome	622312	360807	Roseburia inulinivorans DSM 16841	strain=DSM 16841		latest	Contig	Major	Full	2009/03/12	ASM17419v1	Washington University Genome Sequencing Center	GCA_000174195.1	identical	ftp://ftp.ncbi.nlm.nih.gov/genomes/all/GCF/000/174/195/GCF_000174195.1_ASM17419v1		assembly from type material			Roseburia_inulinivorans_DSM_16841	14	14	GramPositive																						1248.0	1455.0	886.0	78.0	0.22091364000293257	618.0	873.0	611.0
15.0	X_Ruminococcus__torques	[Ruminococcus] torques		16.0	GCF_000153925.1	PRJNA224116	SAMN00627104	AAVP00000000.2	representative genome	411460	33039	[Ruminococcus] torques ATCC 27756	strain=ATCC 27756		latest	Scaffold	Major	Full	2007/05/25	ASM15392v1	Washington University Genome Sequencing Center	GCA_000153925.1	identical	ftp://ftp.ncbi.nlm.nih.gov/genomes/all/GCF/000/153/925/GCF_000153925.1_ASM15392v1		assembly from type material	True	True	[Ruminococcus]_torques_ATCC_27756	15	15	GramPositive	R. torques	R. torques	0.196 (0.061)	0	0	0	0	0	0	0	0	0	0.819 (0.024)	0.264 (0.031)	0	0	0	0	0.0	0.0	0.0	1117.0	1344.0	704.0	0.0	0.0	564.0	795.0	519.0
16.0	Escherichia_coli	Escherichia coli		18327.0	GCF_000008865.2	PRJNA57781	SAMN01911278		reference genome	386585	562	Escherichia coli O157:H7 str. Sakai	strain=Sakai substr. RIMD 0509952		latest	Complete Genome	Major	Full	2018/06/08	ASM886v2	GIRC	GCA_000008865.2	identical	ftp://ftp.ncbi.nlm.nih.gov/genomes/all/GCF/000/008/865/GCF_000008865.2_ASM886v2				True	Escherichia_coli_O157:H7_str._Sakai	16	16	GramNegative																						2433.0	2495.0	2009.0	26.0	0.3680314690459995	1905.0	1893.0	1838.0
17.0	Eubacterium_eligens	[Eubacterium] eligens		18.0	GCF_000146185.1	PRJNA224116	SAMN02603083		representative genome	515620	39485	[Eubacterium] eligens ATCC 27750	strain=ATCC 27750		latest	Complete Genome	Major	Full	2009/06/04	ASM14618v1	Center for Genome Sciences, Washington University School of Medicine	GCA_000146185.1	identical	ftp://ftp.ncbi.nlm.nih.gov/genomes/all/GCF/000/146/185/GCF_000146185.1_ASM14618v1		assembly from type material	True	True	[Eubacterium]_eligens_ATCC_27750	17	17	GramPositive	E. eligens	E. eligens	0	0.251 (0.001)	0.25 (0.006)	0	0	1.131 (0.004)	0.93 (0.016)	0.441 (0.005)	0.963 (0.037)	0.707 (0.108)	0.837 (0.09)	0	0.908 (0.086)	0.918 (0.093)	0	0.214 (NA)				1280.0	1471.0	849.0	69.0	0.3146059756783357	660.0	903.0	584.0
18.0	Bilophila_wadsworthia	Bilophila wadsworthia		3.0	GCF_000701705.1	PRJNA224116	SAMN02841163	JNJP00000000.1	representative genome	1408428	35833	Bilophila wadsworthia ATCC 49260	strain=ATCC 49260		latest	Scaffold	Major	Full	2014/06/11	ASM70170v1	DOE Joint Genome Institute	GCA_000701705.1	identical	ftp://ftp.ncbi.nlm.nih.gov/genomes/all/GCF/000/701/705/GCF_000701705.1_ASM70170v1		assembly from type material	True	True	Bilophila_wadsworthia_ATCC_49260	18	18	GramNegative	B. wadsworthia	B. wadsworthia	0	0	0	0	0	0	0	0	0	0	0	0	0	0	0	0				1457.0	1763.0	1221.0	0.0	0.0	912.0	1204.0	1047.0
19.0	Collinsella_aerofaciens	Collinsella aerofaciens		25.0	GCF_000169035.1	PRJNA224116	SAMN00627067	AAVN00000000.2	representative genome	411903	74426	Collinsella aerofaciens ATCC 25986	strain=ATCC 25986		latest	Contig	Major	Full	2007/05/07	ASM16903v1	Washington University Genome Sequencing Center	GCA_000169035.1	identical	ftp://ftp.ncbi.nlm.nih.gov/genomes/all/GCF/000/169/035/GCF_000169035.1_ASM16903v1		assembly from type material	True	True	Collinsella_aerofaciens_ATCC_25986	19	19	GramPositive	C. aerofaciens	C. aerofaciens	0.353 (0.05)	0	0.434 (NA)	0.283 (0.006)	0	0.23 (0.004)	0.341 (NA)	0	0.392 (0.254)	0.348 (0.385)	1.377 (0.042)	0	0.169 (0.007)	0.526 (0.168)	0	0				1162.0	1303.0	780.0	93.0	0.3105053544377807	514.0	706.0	496.0
20.0	Bacteroides_caccae	Bacteroides caccae		47.0	GCF_002222615.2	PRJNA224116	SAMN07340701		representative genome	47678	47678	Bacteroides caccae	strain=ATCC 43185		latest	Complete Genome	Major	Full	2017/08/30	ASM222261v2	University of North Carolina at Chapel Hill	GCA_002222615.2	identical	ftp://ftp.ncbi.nlm.nih.gov/genomes/all/GCF/002/222/615/GCF_002222615.2_ASM222261v2		assembly from type material		True	Bacteroides_caccae	20	20	GramNegative																						1438.0	1655.0	1053.0	105.0	0.25352760224831183	773.0	1061.0	740.0
21.0	Alistipes_shahii	Alistipes shahii		4.0	GCF_000210575.1	PRJNA224116	SAMEA3138370		representative genome	717959	328814	Alistipes shahii WAL 8301	strain=WAL 8301		latest	Chromosome	Major	Full	2010/03/25	ASM21057v1	metaHIT	GCA_000210575.1	identical	ftp://ftp.ncbi.nlm.nih.gov/genomes/all/GCF/000/210/575/GCF_000210575.1_ASM21057v1		assembly from type material	True	True	Alistipes_shahii_WAL_8301	21	21	GramNegative	A. shahii	A. shahii	0	0	0	0	0	0	0	0	0	0	0	0	0	0	0	0				1176.0	1460.0	717.0	0.0	0.0	617.0	899.0	527.0
22.0	Alistipes_sp__HGB5	Alistipes sp. HGB5		1.0	GCF_000183485.2	PRJNA224116	SAMN00116786	AENZ00000000.1	na	908612	908612	Alistipes sp. HGB5	strain=HGB5		latest	Contig	Major	Full	2010/12/02	ASM18348v1	J. Craig Venter Institute	GCA_000183485.2	identical	ftp://ftp.ncbi.nlm.nih.gov/genomes/all/GCF/000/183/485/GCF_000183485.2_ASM18348v1					Alistipes_sp._HGB5	22	22	GramNegative																						1361.0	1587.0	909.0	137.0	0.09400759417474283	665.0	966.0	542.0
23.0	Coprococcus_comes	Coprococcus comes		11.0	GCF_000155875.1	PRJNA224116	SAMN00000016	ABVR00000000.1	representative genome	470146	410072	Coprococcus comes ATCC 27758	strain=ATCC 27758		latest	Scaffold	Major	Full	2009/03/17	ASM15587v1	Washington University Genome Sequencing Center	GCA_000155875.1	identical	ftp://ftp.ncbi.nlm.nih.gov/genomes/all/GCF/000/155/875/GCF_000155875.1_ASM15587v1		assembly from type material	True	True	Coprococcus_comes_ATCC_27758	23	23	GramPositive	C. comes	C. comes	0.785 (0.277)	0.652 (0.304)	0.404 (0.149)	0.586 (0.296)	0	1.401 (0.171)	1.123 (0.002)	0.799 (0.087)	1.066 (0.149)	0.981 (0.018)	0.896 (0.462)	0.184 (0.023)	0.24 (0.079)	0.324 (0.232)	0	0.243 (0.1)	0.0	0.0	0.0	1207.0	1399.0	818.0	87.0	0.2656991452443338	564.0	814.0	533.0
24.0	Dorea_longicatena	Dorea longicatena		16.0	GCF_000154065.1	PRJNA224116	SAMN00627086	AAXB00000000.2	representative genome	411462	88431	Dorea longicatena DSM 13814	strain=DSM 13814		latest	Scaffold	Major	Full	2007/05/25	ASM15406v1	Washington University Genome Sequencing Center	GCA_000154065.1	identical	ftp://ftp.ncbi.nlm.nih.gov/genomes/all/GCF/000/154/065/GCF_000154065.1_ASM15406v1		assembly from type material			Dorea_longicatena_DSM_13814	24	24	GramPositive																						1291.0	1498.0	918.0	72.0	0.2066072195438401	666.0	930.0	652.0
25.0	Roseburia_intestinalis	Roseburia intestinalis		11.0	GCF_000156535.1	PRJNA224116	SAMN00008856	ABYJ00000000.2	representative genome	536231	166486	Roseburia intestinalis L1-82	strain=L1-82		latest	Scaffold	Major	Full	2009/06/22	ASM15653v1	Washington University Genome Sequencing Center	GCA_000156535.1	identical	ftp://ftp.ncbi.nlm.nih.gov/genomes/all/GCF/000/156/535/GCF_000156535.1_ASM15653v1		assembly from type material	True	True	Roseburia_intestinalis_L1-82	25	25	GramPositive	R. intestinalis	R. intestinalis	0.414 (0.051)	0.21 (0.004)	0.243 (0.018)	0.524 (0.027)	0	0.469 (0.092)	0.201 (0.028)	0	0.679 (0.441)	0	0.526 (0.087)	0	0	0.271 (0.096)	0	0	0.0	0.0	0.0	1331.0	1545.0	972.0	75.0	0.3145806915818997	708.0	971.0	705.0
26.0	butyrate_producing_bacterium_SS3_4	butyrate-producing bacterium SS3/4		1.0	GCF_000209895.1	PRJNA197159	SAMEA3138354		na	245014	245014	butyrate-producing bacterium SS3/4	strain=SS3/4		suppressed	Chromosome	Major	Full	2010/03/25	ASM20989v1	MetaHIT	GCA_000209895.1	identical	ftp://ftp.ncbi.nlm.nih.gov/genomes/all/GCF/000/209/895/GCF_000209895.1_ASM20989v1	missing rRNA genes				butyrate-producing_bacterium_SS3_4	26	26	GramPositive																						1262.0	1442.0	911.0	96.0	0.3121039603935297	618.0	850.0	629.0
27.0	Ruminococcus_sp__SR1_5	Ruminococcus sp. SR1/5		1.0	GCF_000209835.1	PRJNA197156	SAMEA3138351		na	657323	657323	Ruminococcus sp. SR1/5	strain=SR1/5		suppressed	Chromosome	Major	Full	2010/03/25	ASM20983v1	MetaHIT	GCA_000209835.1	identical	ftp://ftp.ncbi.nlm.nih.gov/genomes/all/GCF/000/209/835/GCF_000209835.1_ASM20983v1	missing rRNA genes				Ruminococcus_sp._SR1_5	27	27	GramPositive																						1265.0	1458.0	898.0	80.0	0.2773333190352685	632.0	894.0	614.0
29.0	Eubacterium_hallii	Anaerobutyricum hallii	?	10.0	GCF_000173975.1	PRJNA224116	SAMN02415618	ACEP00000000.1	representative genome	411469	39488	Anaerobutyricum hallii DSM 3353	strain=DSM 3353		latest	Contig	Major	Full	2009/02/03	ASM17397v1	Washington University Genome Sequencing Center	GCA_000173975.1	identical	ftp://ftp.ncbi.nlm.nih.gov/genomes/all/GCF/000/173/975/GCF_000173975.1_ASM17397v1		assembly from type material			Anaerobutyricum_hallii_DSM_3353	29	29	GramPositive																						1292.0	1500.0	911.0	66.0	0.07332654220377453	673.0	925.0	652.0
30.0	Dorea_formicigenerans	Dorea formicigenerans		28.0	GCF_000169235.1	PRJNA224116	SAMN00000008	AAXA00000000.2	representative genome	411461	39486	Dorea formicigenerans ATCC 27755	strain=ATCC 27755		latest	Contig	Major	Full	2007/10/10	ASM16923v1	Washington University Genome Sequencing Center	GCA_000169235.1	identical	ftp://ftp.ncbi.nlm.nih.gov/genomes/all/GCF/000/169/235/GCF_000169235.1_ASM16923v1		assembly from type material	True	True	Dorea_formicigenerans_ATCC_27755	30	30	GramPositive	D. formicigenerans	D. formicigenerans	0.441 (0.232)	0.286 (0.013)	0.247 (0.009)	0.176 (0.006)	0.204 (0.037)	0.606 (0.017)	1.215 (0.248)	0.422 (0.076)	1.023 (0.164)	1.351 (0.277)	1.487 (0.047)	0	0.496 (0.006)	1.028 (0.02)	0	0.5 (NA)				1303.0	1507.0	912.0	67.0	0.1655725092545233	684.0	934.0	652.0
31.0	Roseburia_hominis	Roseburia hominis		4.0	GCF_000225345.1	PRJNA224116	SAMN02604129		representative genome	585394	301301	Roseburia hominis A2-183	strain=A2-183		latest	Complete Genome	Major	Full	2011/09/06	ASM22534v1	University of Aberdeen	GCA_000225345.1	identical	ftp://ftp.ncbi.nlm.nih.gov/genomes/all/GCF/000/225/345/GCF_000225345.1_ASM22534v1		assembly from type material	True	True	Roseburia_hominis_A2-183	31	31	GramPositive	R. hominis	R. hominis	0	0	0	0	0	0	0	0	0	0	1.408 (0.102)	0	0	0	0	0				1231.0	1485.0	866.0	0.0	0.0	681.0	940.0	679.0
32.0	X_Ruminococcus__obeum	Blautia obeum	?	38.0	GCF_000153905.1	PRJNA224116	SAMN00627103	AAVO00000000.2	representative genome	411459	40520	Blautia obeum ATCC 29174	strain=ATCC 29174		latest	Scaffold	Major	Full	2007/05/25	ASM15390v1	Washington University Genome Sequencing Center	GCA_000153905.1	identical	ftp://ftp.ncbi.nlm.nih.gov/genomes/all/GCF/000/153/905/GCF_000153905.1_ASM15390v1		assembly from type material	True	True	Blautia_obeum_ATCC_29174	32	32	GramPositive	B. obeum	B. obeum	0.431 (0.004)	0.353 (0.062)	0.354 (0.061)	0.239 (0.009)	0	0.877 (0.092)	0	0	0.988 (0.071)	0	0	0	0.78 (0.059)	0	0	0.367 (0.09)				1298.0	1527.0	943.0	70.0	0.20154331672635936	674.0	960.0	682.0
33.0	Coprococcus_catus	Coprococcus catus		2.0	GCF_003433855.1	PRJNA224116	SAMN09734717	QVEP00000000.1	na	116085	116085	Coprococcus catus	strain=AF45-17		latest	Scaffold	Major	Full	2018/08/31	ASM343385v1	BGI	GCA_003433855.1	identical	ftp://ftp.ncbi.nlm.nih.gov/genomes/all/GCF/003/433/855/GCF_003433855.1_ASM343385v1			True	True	Coprococcus_catus	33	33	GramPositive	C. catus	C. catus	0	0	0	0	0	0	0	0	0	0	0	0	0	0	0	0				1152.0	1446.0	792.0	0.0	0.0	595.0	887.0	603.0
34.0	Prevotella_copri	Prevotella copri		106.0	GCF_000157935.1	PRJNA224116	SAMN00008847	ACBX00000000.2	representative genome	537011	165179	Prevotella copri DSM 18205	strain=DSM 18205		latest	Scaffold	Major	Full	2009/10/02	ASM15793v1	Washington University Genome Sequencing Center	GCA_000157935.1	identical	ftp://ftp.ncbi.nlm.nih.gov/genomes/all/GCF/000/157/935/GCF_000157935.1_ASM15793v1		assembly from type material	True	True	Prevotella_copri_DSM_18205	34	34	GramNegative	P. copri	P. copri	0.244 (0.199)	0.282 (0.142)	0.572 (0.364)	1.193 (0.355)	0	0	0	0.82 (0.154)	0	0	0	0	0	0	0	0	0.0	0.0	0.0	1177.0	1441.0	699.0	0.0	0.0	615.0	878.0	514.0
35.0	Clostridium_bolteae	[Clostridium] bolteae		16.0	GCF_000371705.1	PRJNA224116	SAMN02596758	AGYH00000000.1	representative genome	997894	208479	[Clostridium] bolteae 90A9	strain=90A9		latest	Scaffold	Major	Full	2013/04/19	Clos_bolt_90A9_V1	Broad Institute	GCA_000371705.1	identical	ftp://ftp.ncbi.nlm.nih.gov/genomes/all/GCF/000/371/705/GCF_000371705.1_Clos_bolt_90A9_V1				True	[Clostridium]_bolteae_90A9	35	35	GramPositive																						1620.0	1911.0	1761.0	57.0	0.3115002132958776	1022.0	1342.0	1521.0
36.0	Bacteroides_fragilis	Bacteroides fragilis		165.0	GCF_000009925.1	PRJNA58195	SAMD00061068		reference genome	295405	817	Bacteroides fragilis YCH46	strain=YCH46		latest	Complete Genome	Major	Full	2004/09/16	ASM992v1	Kitasato Univ.	GCA_000009925.1	identical	ftp://ftp.ncbi.nlm.nih.gov/genomes/all/GCF/000/009/925/GCF_000009925.1_ASM992v1				True	Bacteroides_fragilis_YCH46	36	36	GramNegative																						1487.0	1737.0	1141.0	103.0	0.2545789397248348	827.0	1147.0	832.0
37.0	Bifidobacterium_longum	Bifidobacterium longum		325.0	GCF_000007525.1	PRJNA57939	SAMN02603675		reference genome	206672	216816	Bifidobacterium longum NCC2705	strain=NCC2705		latest	Complete Genome	Major	Full	2005/01/21	ASM752v1	Nestle Research Center, Switzerland	GCA_000007525.1	identical	ftp://ftp.ncbi.nlm.nih.gov/genomes/all/GCF/000/007/525/GCF_000007525.1_ASM752v1				True	Bifidobacterium_longum_NCC2705	37	37	GramPositive																						1216.0	1381.0	719.0	95.0	0.2065222263433048	579.0	788.0	450.0
38.0	Bifidobacterium_adolescentis	Bifidobacterium adolescentis		51.0	GCF_000010425.1	PRJNA224116	SAMD00061080		representative genome	367928	1680	Bifidobacterium adolescentis ATCC 15703	strain=ATCC 15703		latest	Complete Genome	Major	Full	2006/12/05	ASM1042v1	Gifu University, Life Science Research Center, Japan	GCA_000010425.1	identical	ftp://ftp.ncbi.nlm.nih.gov/genomes/all/GCF/000/010/425/GCF_000010425.1_ASM1042v1		assembly from type material	True	True	Bifidobacterium_adolescentis_ATCC_15703	38	38	GramPositive	B. adolescentis	B. adolescentis	0.588 (0.425)	0.722 (0.261)	0.878 (0.545)	0.549 (0.445)	0	1.556 (0.044)	0.741 (0.106)	0.473 (0.036)	0.969 (0.154)	1.144 (0.511)	1.202 (0.573)	0	0.957 (0.32)	1.434 (0.018)	0	0.218 (0.111)	0.0	0.0	0.0	1227.0	1385.0	698.0	93.0	0.20652222634330522	590.0	799.0	425.0
39.0	Streptococcus_thermophilus	Streptococcus thermophilus		60.0	GCF_000253395.1	PRJNA224116	SAMEA2272807		representative genome	1051074	1308	Streptococcus thermophilus JIM 8232	strain=JIM 8232		latest	Complete Genome	Major	Full	2011/07/04	ASM25339v1	Institut National de la Recherche Agronomique (INRA)	GCA_000253395.1	identical	ftp://ftp.ncbi.nlm.nih.gov/genomes/all/GCF/000/253/395/GCF_000253395.1_ASM25339v1					Streptococcus_thermophilus_JIM_8232	39	39	GramPositive																						1210.0	1368.0	744.0	74.0	0.14532466783007486	586.0	792.0	484.0
40.0	Akkermansia_muciniphila	Akkermansia muciniphila		128.0	GCF_000020225.1	PRJNA224116	SAMN00138213		representative genome	349741	239935	Akkermansia muciniphila ATCC BAA-835	strain=ATCC BAA-835		latest	Complete Genome	Major	Full	2008/05/05	ASM2022v1	US DOE Joint Genome Institute (JGI-PGF)	GCA_000020225.1	identical	ftp://ftp.ncbi.nlm.nih.gov/genomes/all/GCF/000/020/225/GCF_000020225.1_ASM2022v1		assembly from type material	True	True	Akkermansia_muciniphila_ATCC_BAA-835	40	40	GramNegative	A. muciniphila	A. muciniphila	0	0	0	0	0	0	0	0	0	0	0.525 (0.085)	0.382 (0.14)	0	0	0	0				1222.0	1519.0	744.0	0.0	0.0	663.0	966.0	552.0
41.0	Pseudoflavonifractor_capillosus	Pseudoflavonifractor capillosus		1.0	GCF_000169255.2	PRJNA224116	SAMN00627059	AAXG00000000.2	representative genome	411467	106588	Pseudoflavonifractor capillosus ATCC 29799	strain=ATCC 29799		latest	Contig	Major	Full	2009/02/09	ASM16925v2	Washington University Genome Sequencing Center	GCA_000169255.2	identical	ftp://ftp.ncbi.nlm.nih.gov/genomes/all/GCF/000/169/255/GCF_000169255.2_ASM16925v2		assembly from type material	True	True	Pseudoflavonifractor_capillosus_ATCC_29799	41	41	GramPositive	P. capillosus	P. capillosus	0	0.36 (0.062)	0.235 (0.066)	0	0	0	0	0	0	0	0.278 (0.039)	0	0	0	0	0	0.0	0.0	0.0	1275.0	1543.0	897.0	0.0	0.0	724.0	1002.0	709.0
42.0	Holdemania_filiformis	Holdemania filiformis		3.0	GCF_000157995.1	PRJNA224116	SAMN00008830	ACCF00000000.1	na	545696	61171	Holdemania filiformis DSM 12042	strain=DSM 12042		latest	Scaffold	Major	Full	2009/02/24	ASM15799v1	Washington University Genome Sequencing Center	GCA_000157995.1	identical	ftp://ftp.ncbi.nlm.nih.gov/genomes/all/GCF/000/157/995/GCF_000157995.1_ASM15799v1		assembly from type material			Holdemania_filiformis_DSM_12042	42	42	GramPositive																						1253.0	1458.0	1027.0	107.0	0.15003071728905734	593.0	851.0	728.0
43.0	Ruminococcaceae_bacterium_D16	Ruminococcaceae bacterium D16		1.0	GCF_000177015.3	PRJNA224116	SAMN02463841	ADDX00000000.2	na	552398	552398	Ruminococcaceae bacterium D16	strain=D16		latest	Scaffold	Major	Full	2013/09/30	Rumi_bact_D16_V2	Broad Institute	GCA_000177015.3	identical	ftp://ftp.ncbi.nlm.nih.gov/genomes/all/GCF/000/177/015/GCF_000177015.3_Rumi_bact_D16_V2					Ruminococcaceae_bacterium_D16	43	43	GramPositive																						1303.0	1487.0	901.0	80.0	0.3151763669035531	672.0	918.0	621.0
44.0	Streptococcus_salivarius	Streptococcus salivarius		98.0	GCF_000785515.1	PRJNA224116	SAMN03174835		representative genome	1304	1304	Streptococcus salivarius	strain=NCTC 8618		latest	Complete Genome	Major	Full	2014/11/19	ASM78551v1	University of Otago	GCA_000785515.1	identical	ftp://ftp.ncbi.nlm.nih.gov/genomes/all/GCF/000/785/515/GCF_000785515.1_ASM78551v1		assembly from type material			Streptococcus_salivarius	44	44	GramPositive																						1236.0	1398.0	788.0	70.0	0.07265857030603126	616.0	822.0	529.0
45.0	Clostridium_leptum	[Clostridium] leptum		5.0	GCF_000154345.1	PRJNA224116	SAMN00627074	ABCB00000000.2	representative genome	428125	1535	[Clostridium] leptum DSM 753	strain=DSM 753		latest	Scaffold	Major	Full	2007/08/21	ASM15434v1	Washington University Genome Sequencing Center	GCA_000154345.1	identical	ftp://ftp.ncbi.nlm.nih.gov/genomes/all/GCF/000/154/345/GCF_000154345.1_ASM15434v1		assembly from type material	True	True	[Clostridium]_leptum_DSM_753	45	45	GramPositive	C. leptum	C. leptum	0	0	0	0	0	0	0	0	0	0	0	0	0	0	0	0				1185.0	1452.0	777.0	0.0	0.0	631.0	918.0	592.0
46.0	Eubacterium_siraeum	[Eubacterium] siraeum		3.0	GCF_000382085.1	PRJNA224116	SAMN02440977	ARNC00000000.1	representative genome	428128	39492	[Eubacterium] siraeum DSM 15702	strain=DSM 15702		latest	Scaffold	Major	Full	2013/04/24	ASM38208v1	DOE Joint Genome Institute	GCA_000382085.1	identical	ftp://ftp.ncbi.nlm.nih.gov/genomes/all/GCF/000/382/085/GCF_000382085.1_ASM38208v1		assembly from type material	True	True	[Eubacterium]_siraeum_DSM_15702	46	46	GramPositive	E. siraeum	E. siraeum	0.325 (0.057)	0	0	0.239 (0.01)	0	0	0	0	0	0	0	0	0	0	0	0	0.0	0.0	0.0	1057.0	1262.0	642.0	0.0	0.0	497.0	714.0	447.0
47.0	Eubacterium_ventriosum	Eubacterium ventriosum		9.0	GCF_000153885.1	PRJNA224116	SAMN00627091	AAVL00000000.2	representative genome	411463	39496	Eubacterium ventriosum ATCC 27560	strain=ATCC 27560		latest	Scaffold	Major	Full	2007/05/25	ASM15388v1	Washington University Genome Sequencing Center	GCA_000153885.1	identical	ftp://ftp.ncbi.nlm.nih.gov/genomes/all/GCF/000/153/885/GCF_000153885.1_ASM15388v1		assembly from type material			Eubacterium_ventriosum_ATCC_27560	47	47	GramPositive																						1187.0	1354.0	789.0	72.0	0.3143258089375078	558.0	781.0	521.0
48.0	Parasutterella_excrementihominis	Parasutterella excrementihominis		15.0	GCF_000205025.1	PRJNA224116	SAMN00189152	AFBP00000000.1	representative genome	762966	487175	Parasutterella excrementihominis YIT 11859	strain=YIT 11859		latest	Scaffold	Major	Full	2011/04/20	ASM20502v1	Genome Sequencing Center (GSC) at Washington University (WashU) School of Medicine	GCA_000205025.1	identical	ftp://ftp.ncbi.nlm.nih.gov/genomes/all/GCF/000/205/025/GCF_000205025.1_ASM20502v1		assembly from type material			Parasutterella_excrementihominis_YIT_11859	48	48	GramNegative																						1423.0	1609.0	1081.0	127.0	1.6682452437285429	741.0	981.0	742.0
49.0	Eggerthella_lenta	Eggerthella lenta		39.0	GCF_000024265.1	PRJNA224116	SAMN00002594		representative genome	479437	84112	Eggerthella lenta DSM 2243	strain=DSM 2243		latest	Complete Genome	Major	Full	2009/09/09	ASM2426v1	US DOE Joint Genome Institute (JGI-PGF)	GCA_000024265.1	identical	ftp://ftp.ncbi.nlm.nih.gov/genomes/all/GCF/000/024/265/GCF_000024265.1_ASM2426v1		assembly from type material	True	True	Eggerthella_lenta_DSM_2243	49	49	GramPositive	E. lenta	E. lenta	0	0	0	0	0	0	0	0	0	0	0	0	0	0	0	0	0.0	0.0	0.0	1215.0	1465.0	890.0	0.0	0.0	668.0	916.0	707.0
50.0	Streptococcus_parasanguinis	Streptococcus parasanguinis		59.0	GCF_000164675.2	PRJNA224116	SAMN00113608		representative genome	760570	1318	Streptococcus parasanguinis ATCC 15912	strain=ATCC 15912		latest	Complete Genome	Major	Full	2011/06/10	ASM16467v2	Baylor College of Medicine	GCA_000164675.2	identical	ftp://ftp.ncbi.nlm.nih.gov/genomes/all/GCF/000/164/675/GCF_000164675.2_ASM16467v2		assembly from type material	True	True	Streptococcus_parasanguinis_ATCC_15912	50	50	GramPositive	S. parasanguinis	S. parasanguinis	0.423 (0.034)	0.428 (0.048)	0.373 (0.075)	0.388 (0.303)	0	1.434 (0.026)	0.971 (0.028)	0.972 (0.364)	1 (0.125)	0.976 (0.316)	1.015 (0.119)	0	0.655 (0.016)	0.34 (0.056)	0	0.324 (0.008)				1251.0	1440.0	808.0	95.0	0.1522910523620398	610.0	842.0	531.0
51.0	Ruminococcus_lactaris	Ruminococcus lactaris		6.0	GCF_000155205.1	PRJNA224116	SAMN00000022	ABOU00000000.2	representative genome	471875	46228	Ruminococcus lactaris ATCC 29176	strain=ATCC 29176		latest	Scaffold	Major	Full	2008/08/28	ASM15520v1	Washington University Genome Sequencing Center	GCA_000155205.1	identical	ftp://ftp.ncbi.nlm.nih.gov/genomes/all/GCF/000/155/205/GCF_000155205.1_ASM15520v1		assembly from type material			Ruminococcus_lactaris_ATCC_29176	51	51	GramPositive																						1219.0	1410.0	788.0	64.0	0.3149719250955709	602.0	847.0	530.0
52.0	Haemophilus_parainfluenzae	Haemophilus parainfluenzae		40.0	GCF_000191405.1	PRJNA224116	SAMN00253308	AEWU00000000.1	na	888828	729	Haemophilus parainfluenzae ATCC 33392	strain=ATCC 33392		latest	Scaffold	Major	Full	2011/03/04	ASM19140v1	Baylor College of Medicine	GCA_000191405.1	identical	ftp://ftp.ncbi.nlm.nih.gov/genomes/all/GCF/000/191/405/GCF_000191405.1_ASM19140v1		assembly from type material	True	True	Haemophilus_parainfluenzae_ATCC_33392	52	52	GramNegative	H. parainfluenzae	H. parainfluenzae	0	0.882 (0.551)	0	0	0	0	0	0.284 (0.11)	0	0	0	0	0	0	0	0	0.0	0.0	0.0	1490.0	1673.0	949.0	0.0	0.0	945.0	1110.0	774.0
53.0	Bifidobacterium_catenulatum_Bifidobacterium_pseudocatenulatum_complex	Bifidobacterium catenulatum		15.0	GCF_001025195.1	PRJNA224116	SAMD00061042		na	566552	1686	Bifidobacterium catenulatum DSM 16992 = JCM 1194 = LMG 11043	strain=JCM 1194		latest	Complete Genome	Major	Full	2015/03/24	ASM102519v1	Graduate School of Frontier Sciences, University of Tokyo	GCA_001025195.1	identical	ftp://ftp.ncbi.nlm.nih.gov/genomes/all/GCF/001/025/195/GCF_001025195.1_ASM102519v1		assembly from type material			Bifidobacterium_catenulatum_DSM_16992_=_JCM_1194_=_LMG_11043	53	53	GramPositive																						1228.0	1379.0	699.0	90.0	0.20652222634330528	593.0	797.0	431.0
53.1		Bifidobacterium pseudocatenulatum		72.0	GCF_001025215.1	PRJNA224116	SAMD00061045		na	547043	28026	Bifidobacterium pseudocatenulatum DSM 20438 = JCM 1200 = LMG 10505	strain=JCM 1200		latest	Complete Genome	Major	Full	2015/03/24	ASM102521v1	Graduate School of Frontier Sciences, University of Tokyo	GCA_001025215.1	identical	ftp://ftp.ncbi.nlm.nih.gov/genomes/all/GCF/001/025/215/GCF_001025215.1_ASM102521v1		assembly from type material			Bifidobacterium_pseudocatenulatum_DSM_20438_=_JCM_1200_=_LMG_10505	53	53	GramPositive																						1208.0	1368.0	729.0	98.0	0.20661950033850893	568.0	773.0	455.0
54.0	X_Clostridium__bartlettii	Intestinibacter bartlettii	?	5.0	GCF_000154445.1	PRJNA224116	SAMN02299419	ABEZ00000000.2	representative genome	445973	261299	Intestinibacter bartlettii DSM 16795	strain=DSM 16795		latest	Scaffold	Major	Full	2007/11/01	ASM15444v1	Washington University Genome Sequencing Center	GCA_000154445.1	identical	ftp://ftp.ncbi.nlm.nih.gov/genomes/all/GCF/000/154/445/GCF_000154445.1_ASM15444v1		assembly from type material			Intestinibacter_bartlettii_DSM_16795	54	54	GramPositive																						1329.0	1502.0	945.0	82.0	0.15580673268573597	702.0	934.0	676.0
55.0	Veillonella_parvula	Veillonella parvula		14.0	GCF_000024945.1	PRJNA224116	SAMN00002609		representative genome	479436	29466	Veillonella parvula DSM 2008	strain=DSM 2008		latest	Complete Genome	Major	Full	2009/11/19	ASM2494v1	US DOE Joint Genome Institute (JGI-PGF)	GCA_000024945.1	identical	ftp://ftp.ncbi.nlm.nih.gov/genomes/all/GCF/000/024/945/GCF_000024945.1_ASM2494v1		assembly from type material	True	True	Veillonella_parvula_DSM_2008	55	55	GramNegative	V. parvula	V. parvula	0	0.168 (0.116)	0	0	0	0	0	0	0	0	0	0	0	0	0	0				1248.0	1471.0	802.0	0.0	0.0	701.0	908.0	623.0
56.0	Acidaminococcus_fermentans	Acidaminococcus fermentans		5.0	GCF_000025305.1	PRJNA224116	SAMN02598507		representative genome	591001	905	Acidaminococcus fermentans DSM 20731	strain=DSM 20731		latest	Complete Genome	Major	Full	2010/01/15	ASM2530v1	US DOE Joint Genome Institute (JGI-PGF)	GCA_000025305.1	identical	ftp://ftp.ncbi.nlm.nih.gov/genomes/all/GCF/000/025/305/GCF_000025305.1_ASM2530v1		assembly from type material			Acidaminococcus_fermentans_DSM_20731	56	56	GramPositive																						1275.0	1443.0	851.0	63.0	0.20007053731323599	659.0	880.0	595.0
57.0	Acidaminococcus_intestini	Acidaminococcus intestini		4.0	GCF_000230275.1	PRJNA224116	SAMN02603738		representative genome	568816	187327	Acidaminococcus intestini RyC-MR95	strain=RyC-MR95		latest	Complete Genome	Major	Full	2011/10/07	ASM23027v1	Ramon y Cajal University Hospital  of Madrid, Valencia University and Public Health Research Superior Center (CSISP) of Valencia's Goverment, Spain	GCA_000230275.1	identical	ftp://ftp.ncbi.nlm.nih.gov/genomes/all/GCF/000/230/275/GCF_000230275.1_ASM23027v1					Acidaminococcus_intestini_RyC-MR95	57	57	GramPositive																						1262.0	1470.0	871.0	78.0	0.31179501523123815	631.0	887.0	597.0
58.0	Anaerostipes_caccae	Anaerostipes caccae		4.0	GCF_000154305.1	PRJNA224116	SAMN00627053	ABAX00000000.3	representative genome	411490	105841	Anaerostipes caccae DSM 14662	strain=DSM 14662		latest	Scaffold	Major	Full	2007/11/14	ASM15430v1	Washington University Genome Sequencing Center	GCA_000154305.1	identical	ftp://ftp.ncbi.nlm.nih.gov/genomes/all/GCF/000/154/305/GCF_000154305.1_ASM15430v1		assembly from type material			Anaerostipes_caccae_DSM_14662	58	58	GramPositive																						1388.0	1600.0	1162.0	64.0	0.31215948521529713	769.0	1047.0	909.0
59.0	Atopobium_rimae	Atopobium rimae		2.0	GCF_000174015.1	PRJNA224116	SAMN00000717	ACFE00000000.1	representative genome	553184	1383	Atopobium rimae ATCC 49626	strain=ATCC 49626		latest	Contig	Major	Full	2009/01/22	ASM17401v1	J. Craig Venter Institute	GCA_000174015.1	identical	ftp://ftp.ncbi.nlm.nih.gov/genomes/all/GCF/000/174/015/GCF_000174015.1_ASM17401v1		assembly from type material			Atopobium_rimae_ATCC_49626	59	59	GramPositive																						1100.0	1220.0	693.0	110.0	0.20746738521418928	432.0	609.0	381.0
60.0	Bacteroides_plebeius	Bacteroides plebeius		21.0	GCF_000187895.1	PRJNA224116	SAMN00000028	ABQC00000000.2	representative genome	484018	310297	Bacteroides plebeius DSM 17135	strain=DSM 17135		latest	Scaffold	Major	Full	2010/09/09	ASM18789v1	Washington University Genome Sequencing Center	GCA_000187895.1	identical	ftp://ftp.ncbi.nlm.nih.gov/genomes/all/GCF/000/187/895/GCF_000187895.1_ASM18789v1		assembly from type material			Bacteroides_plebeius_DSM_17135	60	60	GramNegative																						1425.0	1657.0	1031.0	110.0	0.25256757672825975	758.0	1060.0	719.0
61.0	Blautia_hansenii	Blautia hansenii		3.0	GCF_000156675.1	PRJNA224116	SAMN00008797	ABYU00000000.2	representative genome	537007	1322	Blautia hansenii DSM 20583	strain=DSM 20583		latest	Scaffold	Major	Full	2009/08/21	ASM15667v1	Washington University Genome Sequencing Center	GCA_000156675.1	identical	ftp://ftp.ncbi.nlm.nih.gov/genomes/all/GCF/000/156/675/GCF_000156675.1_ASM15667v1		assembly from type material	True	True	Blautia_hansenii_DSM_20583	61	61	GramPositive	B. hansenii	B. hansenii	0.361 (NA)	0.74 (0.467)	0.53 (0.261)	0.763 (0.085)	0.216 (NA)	0.789 (0.344)	0.711 (0.468)	0.891 (0.317)	1.29 (0.434)	0.459 (0.055)	0.49 (0.199)	0.131 (0.073)	0.562 (0.135)	0.561 (0.078)	0.344 (0.107)	0.466 (0.251)	0.0	0.0	0.0	1269.0	1432.0	904.0	81.0	0.26462452109782103	633.0	863.0	618.0
62.0	Brevibacterium_linens	Brevibacterium linens		7.0	GCF_001606005.1	PRJNA224116	SAMN04569174		representative genome	1703	1703	Brevibacterium linens	strain=BS258		latest	Complete Genome	Major	Full	2016/04/04	ASM160600v1	Institute of Oceanology, Chinese Academy of Sciences	GCA_001606005.1	identical	ftp://ftp.ncbi.nlm.nih.gov/genomes/all/GCF/001/606/005/GCF_001606005.1_ASM160600v1					Brevibacterium_linens	62	62	GramPositive																						1794.0	2102.0	1204.0	65.0	0.3194973922622848	1187.0	1538.0	956.0
63.0	Butyrivibrio_crossotus	Butyrivibrio crossotus		2.0	GCF_000156015.1	PRJNA224116	SAMN00008799	ABWN00000000.1	representative genome	511680	45851	Butyrivibrio crossotus DSM 2876	strain=DSM 2876		latest	Scaffold	Major	Full	2009/04/09	ASM15601v1	Washington University Genome Sequencing Center	GCA_000156015.1	identical	ftp://ftp.ncbi.nlm.nih.gov/genomes/all/GCF/000/156/015/GCF_000156015.1_ASM15601v1		assembly from type material	True	True	Butyrivibrio_crossotus_DSM_2876	63	63	GramNegative	B. crossotus	B. crossotus	0.138 (0.006)	0	0	0.486 (0.18)	0	0	0	0	0	0	0	0	0	0	0	0	0.0	0.0	0.0	1097.0	1313.0	678.0	0.0	0.0	539.0	753.0	490.0
64.0	Citrobacter_sp__30_2	Citrobacter portucalensis	? Strain	21.0	GCF_002042885.1	PRJNA224116	SAMN06214708	MVFY00000000.1	na	1639133	1639133	Citrobacter portucalensis	strain=A60		latest	Contig	Major	Full	2017/03/20	ASM204288v1	Faculty of Pharmacy, University of Porto	GCA_002042885.1	identical	ftp://ftp.ncbi.nlm.nih.gov/genomes/all/GCF/002/042/885/GCF_002042885.1_ASM204288v1		assembly from type material			Citrobacter_portucalensis	64	64	GramNegative																						2435.0	2519.0	2104.0	31.0	0.45238286294457275	1903.0	1920.0	1922.0
65.0	Citrobacter_youngae	Citrobacter youngae		7.0	GCF_900638065.1	PRJNA224116	SAMEA103980411		na	133448	133448	Citrobacter youngae	strain=NCTC13709		latest	Complete Genome	Major	Full	2018/12/20	55685_A01	SC	GCA_900638065.1	identical	ftp://ftp.ncbi.nlm.nih.gov/genomes/all/GCF/900/638/065/GCF_900638065.1_55685_A01		assembly from type material			Citrobacter_youngae	65	65	GramNegative																						2332.0	2385.0	1974.0	30.0	0.3663507026185142	1799.0	1789.0	1799.0
66.0	Clostridiales_bacterium_1_7_47FAA	Clostridiales bacterium 1_7_47FAA		1.0	GCF_000155435.1	PRJNA224116	SAMN02463678	ABQR00000000.1	na	457421	457421	Clostridiales bacterium 1_7_47FAA	strain=1_7_47FAA		latest	Scaffold	Major	Full	2008/08/28	ASM15543v1	Broad Institute	GCA_000155435.1	identical	ftp://ftp.ncbi.nlm.nih.gov/genomes/all/GCF/000/155/435/GCF_000155435.1_ASM15543v1					Clostridiales_bacterium_1_7_47FAA	66	66	GramPositive																						1694.0	2004.0	1762.0	63.0	0.32232067923700564	1087.0	1442.0	1511.0
67.0	Clostridium_ramosum	Erysipelatoclostridium ramosum	?	11.0	GCF_000154485.1	PRJNA224116	SAMN00000007	ABFX00000000.2	representative genome	445974	1547	Erysipelatoclostridium ramosum DSM 1402	strain=DSM 1402		latest	Scaffold	Major	Full	2007/11/14	ASM15448v1	Washington University Genome Sequencing Center	GCA_000154485.1	identical	ftp://ftp.ncbi.nlm.nih.gov/genomes/all/GCF/000/154/485/GCF_000154485.1_ASM15448v1		assembly from type material	True	True	Erysipelatoclostridium_ramosum_DSM_1402	67	67	GramPositive	C. ramosum	C. ramosum	0.642 (0.229)	0.586 (0.18)	0.759 (0.292)	0.684 (0.444)	0	0.68 (0.201)	0.583 (0.002)	0.184 (0.007)	0.966 (0.285)	0.695 (0.326)	0.936 (0.316)	0	0.914 (0.457)	0.943 (0.244)	0	0	0.0	0.0	0.0	1323.0	1547.0	1027.0	66.0	0.3036628930322897	703.0	974.0	762.0
68.0	Clostridium_scindens	[Clostridium] scindens		6.0	GCF_000154505.1	PRJNA224116	SAMN00627066	ABFY00000000.2	representative genome	411468	29347	[Clostridium] scindens ATCC 35704	strain=ATCC 35704		latest	Scaffold	Major	Full	2007/11/14	ASM15450v1	Washington University Genome Sequencing Center	GCA_000154505.1	identical	ftp://ftp.ncbi.nlm.nih.gov/genomes/all/GCF/000/154/505/GCF_000154505.1_ASM15450v1		assembly from type material			[Clostridium]_scindens_ATCC_35704	68	68	GramPositive																						1321.0	1534.0	1024.0	73.0	0.31469168334077985	701.0	963.0	758.0
69.0	Clostridium_sp__HGF2	Clostridium sp. HGF2		1.0	GCF_000183585.1	PRJNA224116	SAMN00116782	AENW00000000.1	na	908340	908340	Clostridium sp. HGF2	strain=HGF2		latest	Contig	Major	Full	2010/11/30	ASM18358v1	J. Craig Venter Institute	GCA_000183585.2	identical	ftp://ftp.ncbi.nlm.nih.gov/genomes/all/GCF/000/183/585/GCF_000183585.1_ASM18358v1					Clostridium_sp._HGF2	69	69	GramPositive																						1342.0	1531.0	1158.0	74.0	0.31437187163965974	717.0	954.0	893.0
70.0	Clostridium_sp__L2_50	Clostridium sp. L2-50		1.0	GCF_000154245.1	PRJNA224116	SAMN02299417	AAYW00000000.2	na	411489	411489	Clostridium sp. L2-50	strain=L2-50		latest	Scaffold	Major	Full	2007/08/21	ASM15424v1	Washington University Genome Sequencing Center	GCA_000154245.1	identical	ftp://ftp.ncbi.nlm.nih.gov/genomes/all/GCF/000/154/245/GCF_000154245.1_ASM15424v1					Clostridium_sp._L2-50	70	70	GramPositive																						1183.0	1377.0	778.0	76.0	0.1568968312935541	551.0	802.0	508.0
71.0	Clostridium_spiroforme	[Clostridium] spiroforme		6.0	GCF_000154805.1	PRJNA224116	SAMN00627073	ABIK00000000.2	representative genome	428126	29348	[Clostridium] spiroforme DSM 1552	strain=DSM 1552		latest	Scaffold	Major	Full	2008/02/12	ASM15480v1	Washington University Genome Sequencing Center	GCA_000154805.1	identical	ftp://ftp.ncbi.nlm.nih.gov/genomes/all/GCF/000/154/805/GCF_000154805.1_ASM15480v1		assembly from type material			[Clostridium]_spiroforme_DSM_1552	71	71	GramPositive																						1184.0	1352.0	804.0	67.0	0.2656582478610705	555.0	775.0	537.0
72.0	Clostridium_symbiosum	[Clostridium] symbiosum		12.0	GCF_000189595.1	PRJNA224116	SAMN02463857	ADLQ00000000.1	representative genome	742740	1512	[Clostridium] symbiosum WAL-14163	strain=WAL-14163		latest	Scaffold	Major	Full	2011/02/23	Clos_symb_WAL_14163_V1	Broad Institute	GCA_000189595.1	identical	ftp://ftp.ncbi.nlm.nih.gov/genomes/all/GCF/000/189/595/GCF_000189595.1_Clos_symb_WAL_14163_V1					[Clostridium]_symbiosum_WAL-14163	72	72	GramPositive																						1451.0	1681.0	1314.0	68.0	0.3134159106600441	838.0	1119.0	1054.0
73.0	Coprobacillus_sp__29_1	Coprobacillus cateniformis	? strain	6.0	GCF_003463235.1	PRJNA224116	SAMN09736675	QSCY00000000.1	na	100884	100884	Coprobacillus cateniformis	strain=OF01-6		latest	Scaffold	Major	Full	2018/09/06	ASM346323v1	BGI	GCA_003463235.1	identical	ftp://ftp.ncbi.nlm.nih.gov/genomes/all/GCF/003/463/235/GCF_003463235.1_ASM346323v1					Coprobacillus_cateniformis	73	73	GramPositive																						1272.0	1474.0	1006.0	73.0	0.3031807086064588	641.0	895.0	720.0
74.0	Coprococcus_eutactus	Coprococcus eutactus		8.0	GCF_000154425.1	PRJNA224116	SAMN00627069	ABEY00000000.2	representative genome	411474	33043	Coprococcus eutactus ATCC 27759	strain=ATCC 27759		latest	Scaffold	Major	Full	2007/09/18	ASM15442v1	Washington University Genome Sequencing Center	GCA_000154425.1	identical	ftp://ftp.ncbi.nlm.nih.gov/genomes/all/GCF/000/154/425/GCF_000154425.1_ASM15442v1		assembly from type material			Coprococcus_eutactus_ATCC_27759	74	74	GramPositive																						1219.0	1402.0	808.0	67.0	0.3143258089375071	601.0	834.0	545.0
75.0	Edwardsiella_ictaluri_tarda	Edwardsiella ictaluri		9.0	GCF_900447225.1	PRJNA224116	SAMEA4504062	UFXT00000000.1	na	67780	67780	Edwardsiella ictaluri	strain=NCTC12122		latest	Contig	Major	Full	2018/08/01	51726_D01	SC	GCA_900447225.1	identical	ftp://ftp.ncbi.nlm.nih.gov/genomes/all/GCF/900/447/225/GCF_900447225.1_51726_D01		assembly from type material			Edwardsiella_ictaluri	75	75	GramNegative																						1963.0	2037.0	1465.0	47.0	0.500451311162831	1401.0	1451.0	1260.0
75.1		Edwardsiella tarda		23.0	GCF_900447455.1	PRJNA224116	SAMEA2665131	UFYP00000000.1	na	636	636	Edwardsiella tarda	strain=NCTC10396		latest	Contig	Major	Full	2018/08/01	31340_A01	SC	GCA_900447455.1	identical	ftp://ftp.ncbi.nlm.nih.gov/genomes/all/GCF/900/447/455/GCF_900447455.1_31340_A01		assembly from type material			Edwardsiella_tarda	75	75	GramNegative																						1873.0	1980.0	1378.0	74.0	0.362848820064168	1274.0	1381.0	1130.0
76.0	Enterococcus_faecalis	Enterococcus faecalis		1449.0	GCF_000007785.1	PRJNA57669	SAMN02603978		reference genome	226185	1351	Enterococcus faecalis V583	strain=V583		latest	Complete Genome	Major	Full	2003/03/28	ASM778v1	TIGR	GCA_000007785.1	identical	ftp://ftp.ncbi.nlm.nih.gov/genomes/all/GCF/000/007/785/GCF_000007785.1_ASM778v1					Enterococcus_faecalis_V583	76	76	GramPositive																						1402.0	1603.0	1074.0	99.0	0.30113198977976113	758.0	1012.0	786.0
77.0	Escherichia_albertii	Escherichia albertii		91.0	GCF_003312485.2	PRJNA224116	SAMN08199278		na	208962	208962	Escherichia albertii	strain=05-3106		latest	Complete Genome	Major	Full	2018/12/06	ASM331248v2	CDC	GCA_003312485.2	identical	ftp://ftp.ncbi.nlm.nih.gov/genomes/all/GCF/003/312/485/GCF_003312485.2_ASM331248v2					Escherichia_albertii	77	77	GramNegative																						2256.0	2291.0	1870.0	29.0	0.3643769387851654	1723.0	1700.0	1698.0
78.0	Eubacterium_dolichum	Absiella dolichum	?	3.0	GCF_000154285.1	PRJNA224116	SAMN00000734	ABAW00000000.2	representative genome	428127	31971	Absiella dolichum DSM 3991	strain=DSM 3991		latest	Scaffold	Major	Full	2007/09/12	ASM15428v1	Washington University Genome Sequencing Center	GCA_000154285.1	identical	ftp://ftp.ncbi.nlm.nih.gov/genomes/all/GCF/000/154/285/GCF_000154285.1_ASM15428v1		assembly from type material			Absiella_dolichum_DSM_3991	78	78	GramPositive																						1168.0	1340.0	790.0	112.0	0.30646094486554754	498.0	730.0	479.0
79.0	Eubacterium_limosum	Eubacterium limosum		6.0	GCF_000807675.2	PRJNA224116	SAMN03265381		representative genome	1736	1736	Eubacterium limosum	strain=ATCC 8486		latest	Complete Genome	Major	Full	2017/04/03	ASM80767v2	Korean Advanced Institute of Science and Technology	GCA_000807675.2	identical	ftp://ftp.ncbi.nlm.nih.gov/genomes/all/GCF/000/807/675/GCF_000807675.2_ASM80767v2		assembly from type material			Eubacterium_limosum	79	79	GramPositive																						1424.0	1653.0	1222.0	65.0	0.15963476417342504	810.0	1081.0	969.0
80.0	Fusobacterium_mortiferum	Fusobacterium mortiferum		6.0	GCF_000158195.2	PRJNA224116	SAMN02463687	ACDB00000000.2	representative genome	469616	850	Fusobacterium mortiferum ATCC 9817	strain=ATCC 9817		latest	Scaffold	Major	Full	2011/07/27	Fuso_mor_ATCC9817_V2	Broad Institute	GCA_000158195.2	identical	ftp://ftp.ncbi.nlm.nih.gov/genomes/all/GCF/000/158/195/GCF_000158195.2_Fuso_mor_ATCC9817_V2					Fusobacterium_mortiferum_ATCC_9817	80	80	GramNegative																						1435.0	1612.0	1097.0	147.0	0.1843905982921742	744.0	988.0	740.0
81.0	Fusobacterium_periodonticum	Fusobacterium periodonticum		8.0	GCF_000158215.3	PRJNA224116	SAMN02463707	ACDC00000000.3	representative genome	469599	860	Fusobacterium periodonticum 2_1_31	strain=2_1_31		latest	Scaffold	Major	Full	2014/09/25	Fuso_sp_2_1_31_V3	Broad Institute	GCA_000158215.3	identical	ftp://ftp.ncbi.nlm.nih.gov/genomes/all/GCF/000/158/215/GCF_000158215.3_Fuso_sp_2_1_31_V3					Fusobacterium_periodonticum_2_1_31	81	81	GramNegative																						1293.0	1434.0	920.0	162.0	1.5206309128069653	580.0	803.0	528.0
82.0	Granulicatella_elegans	Granulicatella elegans		1.0	GCF_000162475.2	PRJNA224116	SAMN02595330	ACRF00000000.2	representative genome	626369	137732	Granulicatella elegans ATCC 700633	strain=ATCC 700633		latest	Scaffold	Major	Full	2013/09/30	Gran_ele_ATCC_700633_V2	Broad Institute	GCA_000162475.2	identical	ftp://ftp.ncbi.nlm.nih.gov/genomes/all/GCF/000/162/475/GCF_000162475.2_Gran_ele_ATCC_700633_V2		assembly from type material			Granulicatella_elegans_ATCC_700633	82	82	GramPositive																						1175.0	1325.0	776.0	144.0	0.2069143229124139	477.0	701.0	431.0
83.0	Haemophilus_haemolyticus	Haemophilus haemolyticus		58.0	GCF_001679045.1	PRJNA224116	SAMN05043237	LYCK00000000.1	na	726	726	Haemophilus haemolyticus	strain=CCUG 12834		latest	Scaffold	Major	Full	2016/07/05	ASM167904v1	TAILORED-Treatment project	GCA_001679045.1	identical	ftp://ftp.ncbi.nlm.nih.gov/genomes/all/GCF/001/679/045/GCF_001679045.1_ASM167904v1		assembly from type material			Haemophilus_haemolyticus	83	83	GramNegative																						1498.0	1663.0	979.0	97.0	0.3620483286064545	851.0	1053.0	689.0
84.0	Klebsiella_oxytoca	Klebsiella oxytoca		280.0	GCF_001022195.1	PRJNA224116	SAMN03733738		representative genome	571	571	Klebsiella oxytoca	strain=CAV1374		latest	Complete Genome	Major	Full	2015/06/09	ASM102219v1	University of Oxford	GCA_001022195.1	identical	ftp://ftp.ncbi.nlm.nih.gov/genomes/all/GCF/001/022/195/GCF_001022195.1_ASM102219v1					Klebsiella_oxytoca	84	84	GramNegative																						2559.0	2640.0	2468.0	25.0	0.4130541364942988	2032.0	2047.0	2299.0
85.0	Klebsiella_variicola_pneumoniae	Klebsiella variicola		282.0	GCF_000828055.2	PRJNA224116	SAMN01174581		na	244366	244366	Klebsiella variicola	strain=DSM 15968		latest	Complete Genome	Major	Full	2016/07/29	ASM82805v2	Zhejiang university	GCA_000828055.2	identical	ftp://ftp.ncbi.nlm.nih.gov/genomes/all/GCF/000/828/055/GCF_000828055.2_ASM82805v2		assembly from type material			Klebsiella_variicola	85	85	GramNegative																						2574.0	2714.0	2371.0	25.0	0.499731710702245	2049.0	2120.0	2200.0
85.1		Klebsiella pneumoniae		8727.0	GCF_000240185.1	PRJNA84387	SAMN02602959		reference genome	1125630	573	Klebsiella pneumoniae subsp. pneumoniae HS11286	strain=HS11286		latest	Complete Genome	Major	Full	2011/12/27	ASM24018v2	 Bioinformatics & Microbial Genomics, State Key Laboratory of Microbial Metabolism, Shanghai Jiaotong University	GCA_000240185.2	identical	ftp://ftp.ncbi.nlm.nih.gov/genomes/all/GCF/000/240/185/GCF_000240185.1_ASM24018v2					Klebsiella_pneumoniae_subsp._pneumoniae_HS11286	85	85	GramNegative																						2543.0	2673.0	2324.0	25.0	0.36077068663852274	2017.0	2081.0	2153.0
86.0	Lachnospiraceae_bacterium_1_4_56FAA	Lachnospiraceae bacterium 1_4_56FAA		1.0	GCF_000218385.1	PRJNA224116	SAMN02463772	ACTN00000000.1	na	658655	658655	Lachnospiraceae bacterium 1_4_56FAA	strain=1_4_56FAA		latest	Scaffold	Major	Full	2011/06/15	Lach_bact_1_4_56FAA_V1	Broad Institute	GCA_000218385.1	identical	ftp://ftp.ncbi.nlm.nih.gov/genomes/all/GCF/000/218/385/GCF_000218385.1_Lach_bact_1_4_56FAA_V1					Lachnospiraceae_bacterium_1_4_56FAA	86	86	GramPositive																						1305.0	1519.0	935.0	74.0	0.3120596188653606	679.0	946.0	667.0
87.0	Lachnospiraceae_bacterium_3_1_57FAA_CT1	Lachnospiraceae bacterium 3_1_57FAA_CT1		1.0	GCF_000218405.2	PRJNA224116	SAMN02463774	ACTP00000000.2	na	658086	658086	Lachnospiraceae bacterium 3_1_57FAA_CT1	strain=3_1_57FAA_CT1		latest	Scaffold	Major	Full	2013/06/21	Lach_bact_3-1-57FAA_CT1_V1	Broad Institute	GCA_000218405.2	identical	ftp://ftp.ncbi.nlm.nih.gov/genomes/all/GCF/000/218/405/GCF_000218405.2_Lach_bact_3-1-57FAA_CT1_V1					Lachnospiraceae_bacterium_3_1_57FAA_CT1	87	87	GramPositive																						1527.0	1841.0	1425.0	64.0	0.26617289617142537	914.0	1279.0	1167.0
88.0	Lactobacillus_fermentum	Lactobacillus fermentum		66.0	GCF_000010145.1	PRJNA224116	SAMD00060917		representative genome	334390	1613	Lactobacillus fermentum IFO 3956	strain=IFO 3956		latest	Complete Genome	Major	Full	2008/04/15	ASM1014v1	Kitasato Institute for Life Sciences	GCA_000010145.1	identical	ftp://ftp.ncbi.nlm.nih.gov/genomes/all/GCF/000/010/145/GCF_000010145.1_ASM1014v1				True	Lactobacillus_fermentum_IFO_3956	88	88	GramPositive																						1238.0	1403.0	820.0	95.0	0.15976712344087285	608.0	825.0	541.0
89.0	Lactobacillus_gasseri	Lactobacillus gasseri		43.0	GCF_000014425.1	PRJNA224116	SAMN02598542		representative genome	324831	1596	Lactobacillus gasseri ATCC 33323 = JCM 1131	strain=ATCC 33323		latest	Complete Genome	Major	Full	2006/10/13	ASM1442v1	US DOE Joint Genome Institute (JGI), The Lactic Acid Bacteria Genome Consortium and Fidelity Systems Inc.	GCA_000014425.1	identical	ftp://ftp.ncbi.nlm.nih.gov/genomes/all/GCF/000/014/425/GCF_000014425.1_ASM1442v1		assembly from type material	True	True	Lactobacillus_gasseri_ATCC_33323_=_JCM_1131	89	89	GramPositive	L. gasseri	L. gasseri	0.883 (0.536)	0	0.315 (0.106)	0.754 (0.475)	0	0	0	0	0	0	0	0	0	0	0	0	0.0	0.0	0.0	1014.0	1210.0	604.0	0.0	0.0	471.0	660.0	429.0
90.0	Lactobacillus_johnsonii	Lactobacillus johnsonii		39.0	GCF_000159355.1	PRJNA224116	SAMN00001472	ACGR00000000.1	na	525330	33959	Lactobacillus johnsonii ATCC 33200	strain=ATCC 33200		latest	Scaffold	Major	Full	2009/05/28	ASM15935v1	BCM	GCA_000159355.1	identical	ftp://ftp.ncbi.nlm.nih.gov/genomes/all/GCF/000/159/355/GCF_000159355.1_ASM15935v1		assembly from type material			Lactobacillus_johnsonii_ATCC_33200	90	90	GramPositive																						1165.0	1306.0	748.0	142.0	0.1643247891947113	479.0	665.0	431.0
91.0	Lactobacillus_sakei	Lactobacillus sakei		50.0	GCF_002224565.1	PRJNA224116	SAMN06473274		representative genome	1599	1599	Lactobacillus sakei	strain=FAM18311		latest	Complete Genome	Major	Full	2017/07/24	ASM222456v1	ETH Zurich	GCA_002224565.1	identical	ftp://ftp.ncbi.nlm.nih.gov/genomes/all/GCF/002/224/565/GCF_002224565.1_ASM222456v1				True	Lactobacillus_sakei	91	91	GramPositive																						1239.0	1414.0	802.0	123.0	0.3130312445915305	577.0	798.0	492.0
92.0	Lactobacillus_salivarius	Lactobacillus salivarius		88.0	GCF_000008925.1	PRJNA58233	SAMN02604111		reference genome	362948	1624	Lactobacillus salivarius UCC118	strain=UCC118		latest	Complete Genome	Major	Full	2006/03/30	ASM892v1	University College Cork	GCA_000008925.1	identical	ftp://ftp.ncbi.nlm.nih.gov/genomes/all/GCF/000/008/925/GCF_000008925.1_ASM892v1				True	Lactobacillus_salivarius_UCC118	92	92	GramPositive																						1248.0	1432.0	805.0	102.0	0.313901427637819	606.0	832.0	521.0
93.0	Lactobacillus_ultunensis	Lactobacillus ultunensis		3.0	GCF_000159415.1	PRJNA224116	SAMN00001484	ACGU00000000.1	na	525365	227945	Lactobacillus ultunensis DSM 16047	strain=DSM 16047		latest	Scaffold	Major	Full	2009/06/26	ASM15941v1	BCM	GCA_000159415.1	identical	ftp://ftp.ncbi.nlm.nih.gov/genomes/all/GCF/000/159/415/GCF_000159415.1_ASM15941v1		assembly from type material			Lactobacillus_ultunensis_DSM_16047	93	93	GramPositive																						1216.0	1384.0	807.0	136.0	0.1639079799456459	536.0	756.0	495.0
94.0	Lactobacillus_vaginalis	Lactobacillus vaginalis		4.0	GCF_000159435.1	PRJNA224116	SAMN00001485	ACGV00000000.1	representative genome	1423814	1633	Lactobacillus vaginalis DSM 5837 = ATCC 49540	strain=ATCC 49540		latest	Scaffold	Major	Full	2009/07/07	ASM15943v1	BCM	GCA_000159435.1	identical	ftp://ftp.ncbi.nlm.nih.gov/genomes/all/GCF/000/159/435/GCF_000159435.1_ASM15943v1		assembly from type material	True	True	Lactobacillus_vaginalis_DSM_5837_=_ATCC_49540	94	94	GramPositive	L. vaginalis	L. vaginalis	0	0.326 (0.027)	0.365 (0.013)	0	0	0	0.416 (0.002)	0	0	0.248 (0.007)	0.459 (0.004)	0	0.346 (0.006)	0	0	0				1091.0	1321.0	664.0	0.0	0.0	544.0	777.0	479.0
95.0	Megasphaera_elsdenii	Megasphaera elsdenii		11.0	GCF_001304715.1	PRJNA224116	SAMN02953477		representative genome	1458465	907	Megasphaera elsdenii 14-14	strain=14-14		latest	Complete Genome	Major	Full	2015/10/01	ASM130471v1	National Animal Disease Center	GCA_001304715.1	identical	ftp://ftp.ncbi.nlm.nih.gov/genomes/all/GCF/001/304/715/GCF_001304715.1_ASM130471v1					Megasphaera_elsdenii_14-14	95	95	GramPositive																						1375.0	1572.0	931.0	65.0	0.16433686363564085	760.0	1015.0	665.0
96.0	Methanobrevibacter_smithii	Methanobrevibacter smithii		29.0	GCF_000016525.1	PRJNA224116	SAMN02604313		representative genome	420247	2173	Methanobrevibacter smithii ATCC 35061	strain=ATCC 35061; PS; DSMZ 861		latest	Complete Genome	Major	Full	2007/06/04	ASM1652v1	Washington University Center for Genome Sciences	GCA_000016525.1	identical	ftp://ftp.ncbi.nlm.nih.gov/genomes/all/GCF/000/016/525/GCF_000016525.1_ASM1652v1		assembly from type material			Methanobrevibacter_smithii_ATCC_35061	96	96	Archaea																						1152.0	1289.0	721.0	134.0	0.0	465.0	670.0	416.0
97.0	Methanosphaera_stadtmanae	Methanosphaera stadtmanae		3.0	GCF_000012545.1	PRJNA224116	SAMN02604180		representative genome	339860	2317	Methanosphaera stadtmanae DSM 3091	strain=DSM 3091		latest	Complete Genome	Major	Full	2006/01/05	ASM1254v1	University of Goettingen	GCA_000012545.1	identical	ftp://ftp.ncbi.nlm.nih.gov/genomes/all/GCF/000/012/545/GCF_000012545.1_ASM1254v1		assembly from type material			Methanosphaera_stadtmanae_DSM_3091	97	97	GramPositive																						1084.0	1222.0	723.0	119.0	2.1766489966301337	405.0	615.0	388.0
98.0	Mitsuokella_multacida	Mitsuokella multacida		3.0	GCF_000155955.1	PRJNA224116	SAMN00000736	ABWK00000000.2	representative genome	500635	52226	Mitsuokella multacida DSM 20544	strain=DSM 20544		latest	Scaffold	Major	Full	2009/07/22	ASM15595v1	Washington University Genome Sequencing Center	GCA_000155955.1	identical	ftp://ftp.ncbi.nlm.nih.gov/genomes/all/GCF/000/155/955/GCF_000155955.1_ASM15595v1		assembly from type material			Mitsuokella_multacida_DSM_20544	98	98	GramPositive																						1399.0	1609.0	981.0	54.0	0.3147519799250366	806.0	1042.0	730.0
99.0	Oribacterium_sinus	Oribacterium sinus		1.0	GCF_000160635.1	PRJNA224116	SAMN00002241	ACKX00000000.1	representative genome	585501	237576	Oribacterium sinus F0268	strain=F0268		latest	Scaffold	Major	Full	2009/05/15	ASM16063v1	Baylor College of Medicine	GCA_000160635.1	identical	ftp://ftp.ncbi.nlm.nih.gov/genomes/all/GCF/000/160/635/GCF_000160635.1_ASM16063v1					Oribacterium_sinus_F0268	99	99	GramPositive																						1221.0	1392.0	843.0	108.0	0.16669741863601792	561.0	793.0	539.0
100.0	Prevotella_buccalis	Prevotella buccalis		4.0	GCF_000177075.1	PRJNA224116	SAMN00003363	ADEG00000000.1	representative genome	679190	28127	Prevotella buccalis ATCC 35310	strain=ATCC 35310		latest	Contig	Major	Full	2009/12/15	ASM17707v1	JCVI	GCA_000177075.1	identical	ftp://ftp.ncbi.nlm.nih.gov/genomes/all/GCF/000/177/075/GCF_000177075.1_ASM17707v1		assembly from type material			Prevotella_buccalis_ATCC_35310	100	100	GramNegative																						1255.0	1419.0	819.0	173.0	0.23113232899042815	517.0	765.0	439.0
101.0	Pyramidobacter_piscolens	Pyramidobacter piscolens		1.0	GCF_000177335.1	PRJNA224116	SAMN00002506	ADFP00000000.1	representative genome	352165	638849	Pyramidobacter piscolens W5455	strain=W5455		latest	Contig	Major	Full	2009/12/30	ASM17733v1	J. Craig Venter Institute	GCA_000177335.1	identical	ftp://ftp.ncbi.nlm.nih.gov/genomes/all/GCF/000/177/335/GCF_000177335.1_ASM17733v1		assembly from type material			Pyramidobacter_piscolens_W5455	101	101	GramNegative																						1327.0	1480.0	1059.0	176.0	1.8221154617778592	602.0	833.0	654.0
102.0	Ruminococcus_champanellensis	Ruminococcus champanellensis		3.0	GCF_000210095.1	PRJNA224116	SAMEA3138364		representative genome	213810	1161942	Ruminococcus champanellensis 18P13 = JCM 17042	strain=type strain: 18P13		latest	Chromosome	Major	Full	2010/03/25	ASM21009v1	MetaHIT	GCA_000210095.1	identical	ftp://ftp.ncbi.nlm.nih.gov/genomes/all/GCF/000/210/095/GCF_000210095.1_ASM21009v1		assembly from type material			Ruminococcus_champanellensis_18P13_=_JCM_17042	102	102	GramPositive																						1175.0	1373.0	723.0	78.0	0.3191238756099072	534.0	798.0	446.0
103.0	Streptococcus_anginosus	Streptococcus anginosus		68.0	GCF_000463505.1	PRJNA224116	SAMN02603663		representative genome	862971	1328	Streptococcus anginosus C238	strain=C238		latest	Complete Genome	Major	Full	2013/09/03	ASM46350v1	National Microbiology Laboratory, Public Health Agency of Canada	GCA_000463505.1	identical	ftp://ftp.ncbi.nlm.nih.gov/genomes/all/GCF/000/463/505/GCF_000463505.1_ASM46350v1					Streptococcus_anginosus_C238	103	103	GramPositive																						1231.0	1416.0	792.0	112.0	0.31043162801598934	570.0	803.0	488.0
104.0	Streptococcus_constellatus	Streptococcus constellatus		18.0	GCF_008633005.1	PRJNA224116	SAMD00149544	BHYN00000000.1	na	184246	76860	Streptococcus constellatus subsp. constellatus	strain=ATCC 27823		latest	Scaffold	Major	Full	2019/09/18	ASM863300v1	Sunstar Inc.	GCA_008633005.1	identical	ftp://ftp.ncbi.nlm.nih.gov/genomes/all/GCF/008/633/005/GCF_008633005.1_ASM863300v1		assembly from type material			Streptococcus_constellatus_subsp._constellatus	104	104	GramPositive																						1223.0	1396.0	772.0	115.0	0.31070489277247965	561.0	780.0	468.0
105.0	Streptococcus_equinus	Streptococcus equinus		44.0	GCF_000964315.1	PRJNA224116	SAMN02841210	JNLO00000000.1	representative genome	1335	1335	Streptococcus equinus	strain=AG46		latest	Contig	Major	Full	2015/03/27	ASM96431v1	DOE Joint Genome Institute	GCA_000964315.1	identical	ftp://ftp.ncbi.nlm.nih.gov/genomes/all/GCF/000/964/315/GCF_000964315.1_ASM96431v1					Streptococcus_equinus	105	105	GramPositive																						1224.0	1385.0	805.0	69.0	0.10892986638422947	597.0	807.0	538.0
106.0	Streptococcus_gallolyticus	Streptococcus gallolyticus		26.0	GCF_002000985.1	PRJNA224116	SAMN06140979		representative genome	1258574	315405	Streptococcus gallolyticus subsp. gallolyticus DSM 16831	strain=DSM 16831		latest	Complete Genome	Major	Full	2017/02/16	ASM200098v1	Herz- und Diabeteszentrum Nordrhein-Westfalen Universitaetsklinik der Ruhr-Universitaet Bochum	GCA_002000985.1	identical	ftp://ftp.ncbi.nlm.nih.gov/genomes/all/GCF/002/000/985/GCF_002000985.1_ASM200098v1		assembly from type material			Streptococcus_gallolyticus_subsp._gallolyticus_DSM_16831	106	106	GramPositive																						1253.0	1439.0	879.0	69.0	0.07272379697052758	629.0	861.0	622.0
107.0	Streptococcus_gordonii	Streptococcus gordonii		53.0	GCF_000017005.1	PRJNA224116	SAMN02603977		representative genome	467705	1302	Streptococcus gordonii str. Challis substr. CH1	strain=Challis substr. CH1		latest	Complete Genome	Major	Full	2007/09/11	ASM1700v1	TIGR	GCA_000017005.1	identical	ftp://ftp.ncbi.nlm.nih.gov/genomes/all/GCF/000/017/005/GCF_000017005.1_ASM1700v1					Streptococcus_gordonii_str._Challis_substr._CH1	107	107	GramPositive																						1237.0	1405.0	808.0	80.0	0.23635812825232957	605.0	823.0	542.0
108.0	Streptococcus_mutans	Streptococcus mutans		200.0	GCF_000007465.2	PRJNA57947	SAMN02604090		reference genome	210007	1309	Streptococcus mutans UA159	strain=UA159		latest	Complete Genome	Major	Full	2011/09/01	ASM746v2	Univ. Oklahoma	GCA_000007465.2	identical	ftp://ftp.ncbi.nlm.nih.gov/genomes/all/GCF/000/007/465/GCF_000007465.2_ASM746v2					Streptococcus_mutans_UA159	108	108	GramPositive																						1230.0	1404.0	797.0	75.0	0.07264027644293562	606.0	832.0	539.0
109.0	Streptococcus_sp__C150	Streptococcus sp. C150		1.0	GCF_000187445.1	PRJNA224116	SAMN02463753	ACRI00000000.1	na	435842	435842	Streptococcus sp. C150	strain=C150		latest	Scaffold	Major	Full	2011/02/03	ASM18744v1	Broad Institute	GCA_000187445.1	identical	ftp://ftp.ncbi.nlm.nih.gov/genomes/all/GCF/000/187/445/GCF_000187445.1_ASM18744v1					Streptococcus_sp._C150	109	109	GramPositive																						1242.0	1401.0	796.0	67.0	0.07271844744020438	629.0	832.0	540.0
110.0	Streptococcus_sp__M143	Streptococcus sp. M143		1.0	GCF_000162495.1	PRJNA224116	SAMN02463755	ACRK00000000.1	na	563037	563037	Streptococcus sp. M143	strain=M143		latest	Scaffold	Major	Full	2009/12/04	ASM16249v1	Broad Institute	GCA_000162495.1	identical	ftp://ftp.ncbi.nlm.nih.gov/genomes/all/GCF/000/162/495/GCF_000162495.1_ASM16249v1					Streptococcus_sp._M143	110	110	GramPositive																						1226.0	1386.0	785.0	91.0	0.26513742905605797	586.0	797.0	514.0
111.0	Streptococcus_sp__oral_taxon_071	Streptococcus sp. oral taxon 071 str. 73H25AP		1.0	GCF_000146755.1	PRJNA224116	SAMN00260141	AEEP00000000.1	na	864570	712630	Streptococcus sp. oral taxon 071 str. 73H25AP	strain=73H25AP		latest	Scaffold	Major	Full	2010/09/03	ASM14675v1	Baylor College of Medicine	GCA_000146755.1	identical	ftp://ftp.ncbi.nlm.nih.gov/genomes/all/GCF/000/146/755/GCF_000146755.1_ASM14675v1					Streptococcus_sp._oral_taxon_071_str._73H25AP	111	111	GramPositive																						1237.0	1408.0	794.0	83.0	0.24780101848200983	603.0	820.0	524.0
112.0	Streptococcus_vestibularis	Streptococcus vestibularis		8.0	GCF_000188295.1	PRJNA224116	SAMN00253297	AEVI00000000.1	na	889206	1343	Streptococcus vestibularis ATCC 49124	strain=ATCC 49124		latest	Scaffold	Major	Full	2011/02/10	ASM18829v1	Baylor College of Medicine	GCA_000188295.1	identical	ftp://ftp.ncbi.nlm.nih.gov/genomes/all/GCF/000/188/295/GCF_000188295.1_ASM18829v1		assembly from type material			Streptococcus_vestibularis_ATCC_49124	112	112	GramPositive																						1218.0	1393.0	767.0	78.0	0.0727222172550255	589.0	806.0	500.0
113.0	Turicibacter_sanguinis	Turicibacter sanguinis		8.0	GCF_001406595.1	PRJNA224116	SAMEA3545317	CYZQ00000000.1	representative genome	154288	154288	Turicibacter sanguinis	strain=2789STDY5834851		latest	Scaffold	Major	Full	2015/10/01	13470_2#70	SC	GCA_001406595.1	identical	ftp://ftp.ncbi.nlm.nih.gov/genomes/all/GCF/001/406/595/GCF_001406595.1_13470_2_70					Turicibacter_sanguinis	113	113	GramNegative																						1325.0	1488.0	947.0	177.0	0.0	592.0	826.0	552.0
114.0	Veillonella_sp__oral_taxon_158	Veillonella sp. oral taxon 158 str. F0412		1.0	GCF_000183505.1	PRJNA224116	SAMN00116785	AENU00000000.1	na	879309	671228	Veillonella sp. oral taxon 158 str. F0412	strain=F0412		latest	Contig	Major	Full	2010/12/02	ASM18350v1	J. Craig Venter Institute	GCA_000183505.2	identical	ftp://ftp.ncbi.nlm.nih.gov/genomes/all/GCF/000/183/505/GCF_000183505.1_ASM18350v1					Veillonella_sp._oral_taxon_158_str._F0412	114	114	GramNegative																						1355.0	1511.0	948.0	147.0	0.09502248680227143	657.0	884.0	575.0
115.0	X_Bacteroides__pectinophilus	[Bacteroides] pectinophilus		2.0	GCF_000155855.1	PRJNA224116	SAMN02415621	ABVQ00000000.1	representative genome	483218	384638	[Bacteroides] pectinophilus ATCC 43243	strain=ATCC 43243		latest	Scaffold	Major	Full	2008/11/18	ASM15585v1	Washington University Genome Sequencing Center	GCA_000155855.1	identical	ftp://ftp.ncbi.nlm.nih.gov/genomes/all/GCF/000/155/855/GCF_000155855.1_ASM15585v1		assembly from type material			[Bacteroides]_pectinophilus_ATCC_43243	115	115	GramNegative																						1276.0	1426.0	870.0	164.0	0.0	557.0	789.0	502.0
116.0	X_Ruminococcus__gnavus	[Ruminococcus] gnavus		41.0	GCF_000526735.1	PRJNA224116	SAMN02584990	JAGQ00000000.1	representative genome	1384063	33038	[Ruminococcus] gnavus AGR2154	strain=AGR2154		latest	Contig	Major	Full	2014/01/14	ASM52673v1	DOE Joint Genome Institute	GCA_000526735.1	identical	ftp://ftp.ncbi.nlm.nih.gov/genomes/all/GCF/000/526/735/GCF_000526735.1_ASM52673v1				True	[Ruminococcus]_gnavus_AGR2154	116	116	GramPositive																						1329.0	1536.0	971.0	80.0	0.26759032185746023	696.0	961.0	692.0
