	Constituents	Link	class	metacyc_id	Concentration_B.thetaiotaomicron MM	Concentration_brain heart infusion	Concentration_C.perfiringens MM	Concentration_dGMM	Concentration_dGMM+LAB	Concentration_dGMM+LAB 10% aminoacids	Concentration_dGMM+LAB exclude SCFA	Concentration_dGMM+LAB excluding aromatic AA	Concentration_dGMM+LAB low M/V	Concentration_dGMM+LAB only monosacharides	Concentration_dGMM+LAB only Mucin	Concentration_dGMM+LAB plus Mucin	Concentration_E.coli MM1	Concentration_E.coli MM2	Concentration_GMM	Concentration_LAB	Concentration_mGAM	Concentration_V.parvula defined medium	Concentration_WCA
0	chloride	https://metacyc.org/compound?orgid=META&id=CL-	META&id	CL-	115.32 mM	86 mM		1.663 mM	52.107 mM	52.107 mM	52.107 mM	52.107 mM	51.725 mM	52.107 mM	15.177 mM	15.177 mM	61.513 mM	52.396 mM	1.663 mM	51.607 mM	51 mM		86 mM
1	Ca2+	https://metacyc.org/compound?orgid=META&id=CA%2b2	META&id	CA+2	50.01 mM		2.1 µM	81.1 µM	274.62 µM	275.39 µM	274.62 µM	275.39 µM	81.1 µM	274.62 µM	274.62 µM	274.62 µM	500.1 µM	500.1 µM	81.1 µM	274.62 µM		2.1 µM	
2	D-glucose	https://metacyc.org/META/NEW-IMAGE?type=COMPOUND&object=D-Glucose	COMPOUND&object	D-Glucose	28 mM		56 mM	2.2 mM	28 mM	28 mM	28 mM	28 mM	28 mM	28 mM		28 mM	22 mM	2.8 mM	2.2 mM	83.3 mM	2.8 mM		5.6 mM
3	ammonium	https://metacyc.org/compound?orgid=META&id=AMMONIUM	META&id	AMMONIUM	16.952 mM				15.101 mM	15.101 mM	15.101 mM	15.101 mM	15.101 mM	15.101 mM	15.101 mM	15.101 mM	9.497 mM	380.06 µM		15.101 mM		10.536 mM	
4	Na+	https://metacyc.org/compound?orgid=META&id=NA%2b	META&id	NA+	15.1 mM	121.2 mM	48.96 mM	6.3009 mM	56.301 mM	56.301 mM	56.301 mM	56.301 mM	56.301 mM	56.301 mM	18.701 mM	18.701 mM	49.96 mM	49.96 mM	6.3009 mM	51 mM	53.6 mM	89.979 mM	91.2 mM
5	sulfate	https://metacyc.org/compound?orgid=META&id=SULFATE	META&id	SULFATE	8.4774 mM		983.7 µM	129.72 µM	155.53 µM	155.53 µM	155.53 µM	155.53 µM	141.68 µM	155.53 µM	155.53 µM	155.53 µM	286.02 µM	286.02 µM	129.72 µM	32.403 µM		144.81 µM	
6	L-cysteine	https://metacyc.org/compound?orgid=META&id=CYS	META&id	CYS	4.1 mM		3.3 mM	4.1 mM	4.1 mM	410 µM	4.1 mM	4.1 mM	4.1 mM	4.1 mM	4.1 mM	4.1 mM			4.1 mM	1.7 mM	1.9 mM	410 µM	
7	L-histidine	https://metacyc.org/compound?orgid=META&id=HIS	META&id	HIS	200 µM		3.2 mM	200 µM	1.102 mM	200 µM	1.102 mM	1.102 mM	1.102 mM	1.102 mM	1.102 mM	1.102 mM			200 µM	1.1 mM			
8	Mg2+	https://metacyc.org/compound?orgid=META&id=MG%2b2	META&id	MG+2	99.99 µM		410 µM	120.0 µM	124.05 µM	124.05 µM	124.05 µM	124.05 µM	124.05 µM	124.05 µM	124.05 µM	124.05 µM	527.99 µM	527.99 µM	120.0 µM	4.0542 µM		810 nM	
9	K+	https://metacyc.org/compound?orgid=META&id=K%2b	META&id	K+	99.94 µM		5.1 mM	100.0 mM	174.41 mM	174.41 mM	174.41 mM	174.41 mM	97.247 mM	174.41 mM	175.08 mM	175.08 mM	3.1918 mM	815.98 µM	100.0 mM	97.201 mM	18.4 mM	8.3 mM	
10	dihydrogenphosphate	https://metacyc.org/compound?orgid=META&id=CPD-16459	META&id	CPD-16459	99.94 µM		5.1 mM	100.0 mM	100.0 mM	100.0 mM	100.0 mM	100.0 mM	22.846 mM	100.0 mM	100.0 mM	100.0 mM			100.0 mM	22.8 mM	18.4 mM	1.5 mM	
11	menadione	https://metacyc.org/compound?orgid=META&id=CPD-3766	META&id	CPD-3766	5.8 µM			5.8 µM	5.8 µM	5.8 µM	5.8 µM	5.8 µM	5.8 µM	5.8 µM	5.8 µM	5.8 µM			5.8 µM				2.9 nM
12	hematin	https://metacyc.org/compound?orgid=META&id=CPD-11677	META&id	CPD-11677	1.9 µM			1.9 µM	1.9 µM	1.9 µM	1.9 µM	1.9 µM	1.9 µM	1.9 µM	1.9 µM	1.9 µM			1.9 µM				
13	Fe2+	https://metacyc.org/compound?orgid=META&id=FE%2b2	META&id	FE+2	1.381 µM		180 µM	5.04 µM	14.0 µM	14.0 µM	14.0 µM	14.0 µM	14.0 µM	14.0 µM	14.0 µM	14.0 µM	10 µM	10 µM	5.04 µM	14.0 µM		68 µM	
14	adenosylcobalamin	https://metacyc.org/compound?orgid=META&id=ADENOSYLCOBALAMIN	META&id	ADENOSYLCOBALAMIN	3.2 nM			6.3e-10 M	6.3e-10 M	6.3e-10 M	6.3e-10 M	6.3e-10 M	6.3e-10 M	6.3e-10 M	6.3e-10 M	6.3e-10 M			6.3e-10 M				
15	phosphate	https://metacyc.org/compound?orgid=META&id=Pi	META&id	Pi		17.6 mM	20.08 mM		37.2 mM	37.2 mM	37.2 mM	37.2 mM	37.2 mM	37.2 mM	37.2 mM	37.2 mM	1.3199 mM	131.99 µM		37.2 mM		3.4 mM	
16	Beefheart(infusionfrom250g)	https://metacyc.org/META/NEW-IMAGE?type=Non-Defined-Mixtures&object=MIX1370-4	Non-Defined-Mixtures&object	MIX1370-4																			
17	Calfbrains(infusionfrom200g)	https://metacyc.org/META/NEW-IMAGE?type=Non-Defined-Mixtures&object=MIX1370-3	Non-Defined-Mixtures&object	MIX1370-3																			
18	peptone	https://metacyc.org/META/NEW-IMAGE?type=Non-Defined-Mixtures&object=MIX3O-4	Non-Defined-Mixtures&object	MIX3O-4																			
19	L-arginine	https://metacyc.org/compound?orgid=META&id=ARG	META&id	ARG			14.3 mM		4.11 mM	411.0 µM	4.11 mM	4.11 mM	4.11 mM	4.11 mM	4.11 mM	4.11 mM				4.11 mM	5.7 mM		5.7 mM
20	thioglycolate	https://metacyc.org/compound?orgid=META&id=THIOGLYCOLATE	META&id	THIOGLYCOLATE			8.8 mM														2.6 mM	880.0 µM	
21	L-aspartate	https://metacyc.org/compound?orgid=META&id=L-ASPARTATE	META&id	L-ASPARTATE			7.6 mM		380 µM	38 µM	380 µM	380 µM	380 µM	380 µM	380 µM	380 µM				380 µM		760 µM	
22	L-glutamate	https://metacyc.org/compound?orgid=META&id=GLT	META&id	GLT			6.8 mM		4.1 mM	410 µM	4.1 mM	4.1 mM	4.1 mM	4.1 mM	4.1 mM	4.1 mM				4.1 mM			
23	glycine	https://metacyc.org/compound?orgid=META&id=GLY	META&id	GLY			6.7 mM		4 mM	400.0 µM	4 mM	4 mM	4 mM	4 mM	4 mM	4 mM				4 mM			
24	L-threonine	https://metacyc.org/compound?orgid=META&id=THR	META&id	THR			4.2 mM		4.2 mM	420 µM	4.2 mM	4.2 mM	4.2 mM	4.2 mM	4.2 mM	4.2 mM				4.2 mM			
25	L-isoleucine	https://metacyc.org/compound?orgid=META&id=ILE	META&id	ILE			3.8 mM		1.83 mM	183 µM	1.83 mM	1.83 mM	1.83 mM	1.83 mM	1.83 mM	1.83 mM				1.83 mM			
26	L-leucine	https://metacyc.org/compound?orgid=META&id=LEU	META&id	LEU			3.8 mM		7.6 mM	760 µM	7.6 mM	7.6 mM	7.6 mM	7.6 mM	7.6 mM	7.6 mM				7.6 mM			
27	L-serine	https://metacyc.org/compound?orgid=META&id=SER	META&id	SER			3.568 mM		4.8 mM	480.0 µM	4.8 mM	4.8 mM	4.8 mM	4.8 mM	4.8 mM	4.8 mM				4.8 mM		950 µM	
28	L-lysine	https://metacyc.org/compound?orgid=META&id=LYS	META&id	LYS			3.4 mM		3.4 mM	340.0 µM	3.4 mM	3.4 mM	3.4 mM	3.4 mM	3.4 mM	3.4 mM				3.4 mM			
29	L-valine	https://metacyc.org/compound?orgid=META&id=VAL	META&id	VAL			3.201 mM		6 mM	600 µM	6 mM	6 mM	6 mM	6 mM	6 mM	6 mM				6 mM			
30	L-alanine	https://metacyc.org/compound?orgid=META&id=L-ALPHA-ALANINE	META&id	L-ALPHA-ALANINE			2.81 mM		4.5 mM	450.0 µM	4.5 mM	4.5 mM	4.5 mM	4.5 mM	4.5 mM	4.5 mM				4.5 mM			
31	L-methionine	https://metacyc.org/compound?orgid=META&id=MET	META&id	MET			2.35 mM		837.8 µM	83.78 µM	837.8 µM	837.8 µM	837.8 µM	837.8 µM	837.8 µM	837.8 µM				837.8 µM			
32	L-proline	https://metacyc.org/compound?orgid=META&id=PRO	META&id	PRO			2.17 mM		6.1 mM	610.0 µM	6.1 mM	6.1 mM	6.1 mM	6.1 mM	6.1 mM	6.1 mM				6.1 mM			
33	L-phenylalanine	https://metacyc.org/compound?orgid=META&id=PHE	META&id	PHE			1.51 mM		2.4 mM	240.0 µM	2.4 mM		2.4 mM	2.4 mM	2.4 mM	2.4 mM				2.4 mM			
34	L-ascorbate	https://metacyc.org/compound?orgid=META&id=ASCORBATE	META&id	ASCORBATE			1.43 mM		2.9 mM	2.9 mM	2.9 mM	2.9 mM	2.9 mM	2.9 mM	2.9 mM	2.9 mM				2.9 mM			
35	L-tyrosine	https://metacyc.org/compound?orgid=META&id=TYR	META&id	TYR			1.38 mM		1.7 mM	170 µM	1.7 mM		1.7 mM	1.7 mM	1.7 mM	1.7 mM				1.7 mM		220 µM	
36	L-tryptophan	https://metacyc.org/compound?orgid=META&id=TRP	META&id	TRP			1.22 mM		980.0 µM	98 µM	980.0 µM		980.0 µM	980.0 µM	980.0 µM	980.0 µM				980.0 µM	980.0 µM		
37	Mn2+	https://metacyc.org/compound?orgid=META&id=MN%2b2	META&id	MN+2			223.7 µM		3 µM	3 µM	3 µM	3 µM	3 µM	3 µM	3 µM	3 µM	97.463 nM	97.463 nM		651 nM		59.0 µM	
38	Zn2+	https://metacyc.org/compound?orgid=META&id=ZN%2b2	META&id	ZN+2			170 µM	3.5 µM	17 µM	17 µM	17 µM	17 µM	3.5 µM	17 µM	17 µM	17 µM	8.8265 nM	8.8265 nM	3.5 µM	17 µM		17 µM	
39	adenine	https://metacyc.org/compound?orgid=META&id=ADENINE	META&id	ADENINE			128.8 µM		81.4 µM	81.4 µM	81.4 µM	81.4 µM	81.4 µM	81.4 µM	81.4 µM	81.4 µM				81.4 µM			
40	uracil	https://metacyc.org/compound?orgid=META&id=URACIL	META&id	URACIL			89.0 µM		205.0 µM	205.0 µM	205.0 µM	205.0 µM	205.0 µM	205.0 µM	205.0 µM	205.0 µM				205.0 µM			
41	HCl	https://metacyc.org/compound?orgid=META&id=HCL	META&id	HCL			9.6604 µM	170 nM	67.16 µM	67.16 µM	67.16 µM	67.16 µM	42.66 µM	67.16 µM	67.16 µM	67.16 µM			170 nM	67.16 µM	1.9 mM	78.4 µM	
42	nicotinate	https://metacyc.org/compound?orgid=META&id=NIACINE	META&id	NIACINE			8.2 µM	410.0 nM	7.3708 µM	7.3708 µM	7.3708 µM	7.3708 µM	410.0 nM	7.3708 µM	7.3708 µM	7.3708 µM			410.0 nM	7.3708 µM		8.2 µM	
43	(R)-pantothenate	https://metacyc.org/compound?orgid=META&id=PANTOTHENATE	META&id	PANTOTHENATE			4.2 µM	200 nM	5.04 µM	6.59 µM	5.04 µM	6.59 µM	200 nM	5.04 µM	5.04 µM	5.04 µM			200 nM	5.04 µM		4.2 µM	
44	thiamine	https://metacyc.org/compound?orgid=META&id=THIAMINE	META&id	THIAMINE			3.3 µM	170 nM	1.86 µM	1.86 µM	1.86 µM	1.86 µM	170 nM	1.86 µM	1.86 µM	1.86 µM			170 nM	1.86 µM		6.6 µM	
45	pyridoxamine	https://metacyc.org/compound?orgid=META&id=PYRIDOXAMINE	META&id	PYRIDOXAMINE			3.1802 µM		21.0 µM	21.0 µM	21.0 µM	21.0 µM	21.0 µM	21.0 µM	21.0 µM	21.0 µM				21.0 µM			
46	biotin	https://metacyc.org/compound?orgid=META&id=BIOTIN	META&id	BIOTIN			21 nM	82 nM	24.74 µM	24.74 µM	24.74 µM	24.74 µM	82 nM	24.74 µM	24.74 µM	24.74 µM			82 nM	25 µM			
47	hydrogencarbonate	https://metacyc.org/compound?orgid=META&id=HCO3	META&id	HCO3				4.8 mM	4.8 mM	4.8 mM	4.8 mM	4.8 mM	4.8 mM	4.8 mM	4.8 mM	4.8 mM			4.8 mM				
48	maltose	https://metacyc.org/META/NEW-IMAGE?type=COMPOUND&object=MALTOSE	COMPOUND&object	MALTOSE				2.9 mM	2.9 mM	2.9 mM	2.9 mM	2.9 mM	2.9 mM			2.9 mM			2.9 mM				
49	β-D-cellobiose	https://metacyc.org/compound?orgid=META&id=CELLOBIOSE	META&id	CELLOBIOSE				2.9 mM	2.9 mM	2.9 mM	2.9 mM	2.9 mM	2.9 mM			2.9 mM			2.9 mM				
50	acetate	https://metacyc.org/compound?orgid=META&id=ACET	META&id	ACET				28.8 µM	28.8 µM	28.8 µM		28.8 µM	28.8 µM	28.8 µM	28.8 µM	28.8 µM			28.8 µM				
51	propanoate	https://metacyc.org/compound?orgid=META&id=PROPIONATE	META&id	PROPIONATE				27 µM	27 µM	27 µM		27 µM	27 µM	27 µM	27 µM	27 µM			27 µM				
52	butanoate	https://metacyc.org/compound?orgid=META&id=BUTYRIC_ACID	META&id	BUTYRIC_ACID				23.0 µM	23.0 µM	23.0 µM		23.0 µM	23.0 µM	23.0 µM	23.0 µM	23.0 µM			23.0 µM				
53	EDTA	https://metacyc.org/compound?orgid=META&id=EDTA	META&id	EDTA				17 µM	42.518 µM	42.518 µM	42.518 µM	42.518 µM	42.518 µM	42.518 µM	42.518 µM	42.518 µM			17 µM	25.29 µM			
54	nitrate	https://metacyc.org/compound?orgid=META&id=NITRATE	META&id	NITRATE				6.8 µM	6.8 µM	6.8 µM	6.8 µM	6.8 µM	6.8 µM	6.8 µM	6.8 µM	6.8 µM			6.8 µM				
55	Co2+	https://metacyc.org/compound?orgid=META&id=CO%2b2	META&id	CO+2				3.4 µM	4.3384 µM	4.3384 µM	4.3384 µM	4.3384 µM	4.3384 µM	4.3384 µM	4.3384 µM	4.3384 µM	35.205 nM	35.205 nM	3.4 µM	938.4 nM			
56	borate	https://metacyc.org/compound?orgid=META&id=BORATE	META&id	BORATE				1.6 µM	12.1 µM	12.1 µM	12.1 µM	12.1 µM	1.6 µM	12.1 µM	12.1 µM	12.1 µM	399.99 nM	399.99 nM	1.6 µM	12.1 µM			
57	Ni2+	https://metacyc.org/compound?orgid=META&id=NI%2b2	META&id	NI+2				990 nM											990 nM				
58	isovalerate	https://metacyc.org/compound?orgid=META&id=ISOVALERATE	META&id	ISOVALERATE				990 nM	990 nM	990 nM		990 nM	990 nM	990 nM	990 nM	990 nM			990 nM				
59	molybdate	https://metacyc.org/compound?orgid=META&id=CPD-3	META&id	CPD-3				460 nM	410.0 nM	410.0 nM	410.0 nM	410.0 nM	410.0 nM	410.0 nM	410.0 nM	410.0 nM	323.27 nM	323.27 nM	460 nM			91 µM	
60	Cu2+	https://metacyc.org/compound?orgid=META&id=CU%2b2	META&id	CU+2				401 nM	751.86 nM	751.86 nM	751.86 nM	751.86 nM	401 nM	751.86 nM	751.86 nM	751.86 nM	9.9997 nM	9.9997 nM	401 nM	751.86 nM			
61	Al3+	https://metacyc.org/compound?orgid=META&id=CPD-1484	META&id	CPD-1484				390 nM	390 nM	390 nM	390 nM	390 nM	390 nM	390 nM	390 nM	390 nM			390 nM				
62	4-aminobenzoate	https://metacyc.org/compound?orgid=META&id=P-AMINO-BENZOATE	META&id	P-AMINO-BENZOATE				370 nM	370 nM	370 nM	370 nM	370 nM	370 nM	370 nM	370 nM	370 nM			370 nM	411 nM		3.7 µM	
63	tungstate	https://metacyc.org/compound?orgid=META&id=TUNGSTATE	META&id	TUNGSTATE				330 nM	330 nM	330 nM	330 nM	330 nM	330 nM	330 nM	330 nM	330 nM			330 nM				
64	(R)-lipoate	https://metacyc.org/compound?orgid=META&id=LIPOIC-ACID	META&id	LIPOIC-ACID				240 nM	5.114 µM	5.114 µM	5.114 µM	5.114 µM	5.114 µM	5.114 µM	5.114 µM	5.114 µM			240 nM	4.9 µM			
65	riboflavin	https://metacyc.org/compound?orgid=META&id=RIBOFLAVIN	META&id	RIBOFLAVIN				130.0 nM	2.3977 µM	2.3977 µM	2.3977 µM	2.3977 µM	130.0 nM	2.3977 µM	2.3977 µM	2.3977 µM			130.0 nM	2.3977 µM			
66	selenite	https://metacyc.org/compound?orgid=META&id=SELENITE	META&id	SELENITE				58 nM											58 nM				
67	folate	https://metacyc.org/compound?orgid=META&id=CPD-12826	META&id	CPD-12826				46 nM	1.27 µM	1.27 µM	1.27 µM	1.27 µM	46 nM	1.27 µM	1.27 µM	1.27 µM			46 nM	1.27 µM			
68	fructose	https://metacyc.org/META/NEW-IMAGE?type=COMPOUND&object=Fructose	COMPOUND&object	Fructose																			
69	resazurin	https://metacyc.org/compound?orgid=META&id=CPD-22877	META&id	CPD-22877					4.4 µM	4.4 µM	4.4 µM	4.4 µM	4.4 µM	4.4 µM	4.4 µM	4.4 µM							
70	N-tris(hydroxymethyl)methylglycine	https://metacyc.org/compound?orgid=META&id=CPD0-2399	META&id	CPD0-2399					8.37 mM	8.37 mM	8.37 mM	8.37 mM	8.37 mM	8.37 mM	8.37 mM	8.37 mM	1.2831 mM	1.2831 mM		8.37 mM			
71	citrate	https://metacyc.org/compound?orgid=META&id=CIT	META&id	CIT					7.55 mM	7.55 mM	7.55 mM	7.55 mM	7.55 mM	7.55 mM	7.55 mM	7.55 mM				7.55 mM			
72	L-glutamine	https://metacyc.org/compound?orgid=META&id=GLN	META&id	GLN					4.1 mM	410 µM	4.1 mM	4.1 mM	4.1 mM	4.1 mM	4.1 mM	4.1 mM				4.1 mM			
73	L-asparagine	https://metacyc.org/compound?orgid=META&id=ASN	META&id	ASN					3.8 mM	380 µM	3.8 mM	3.8 mM	3.8 mM	3.8 mM	3.8 mM	3.8 mM				3.8 mM			
74	lactose	https://metacyc.org/META/NEW-IMAGE?type=COMPOUND&object=CPD-15972	COMPOUND&object	CPD-15972					2.9 mM	2.9 mM	2.9 mM	2.9 mM	2.9 mM			2.9 mM							
75	glutathione	https://metacyc.org/compound?orgid=META&id=GLUTATHIONE	META&id	GLUTATHIONE					49 µM	49 µM	49 µM	49 µM	49 µM	49 µM	49 µM	49 µM				49 µM			
76	nitrilotriacetate	https://metacyc.org/compound?orgid=META&id=CPD-10188	META&id	CPD-10188					38.49 µM	38.49 µM	38.49 µM	38.49 µM	38.49 µM	38.49 µM	38.49 µM	38.49 µM				38.49 µM			
77	guanine	https://metacyc.org/compound?orgid=META&id=GUANINE	META&id	GUANINE					37.1 µM	37.1 µM	37.1 µM	37.1 µM	37.1 µM	37.1 µM	37.1 µM	37.1 µM				37.1 µM			
78	xanthine	https://metacyc.org/compound?orgid=META&id=XANTHINE	META&id	XANTHINE					25 µM	25 µM	25 µM	25 µM	25 µM	25 µM	25 µM	25 µM				25 µM			
79	pyridoxine	https://metacyc.org/compound?orgid=META&id=PYRIDOXINE	META&id	PYRIDOXINE					23.3 µM	23.3 µM	23.3 µM	23.3 µM	490.0 nM	23.3 µM	23.3 µM	23.3 µM				23.3 µM			
80	Fe3+	https://metacyc.org/compound?orgid=META&id=FE%2b3	META&id	FE+3					18 µM	18 µM	18 µM	18 µM	18 µM	18 µM	18 µM	18 µM				18 µM			
81	myo-inositol	https://metacyc.org/compound?orgid=META&id=MYO-INOSITOL	META&id	MYO-INOSITOL					11 µM	11 µM	11 µM	11 µM	11 µM	11 µM	11 µM	11 µM				11 µM			
82	NAD+	https://metacyc.org/compound?orgid=META&id=NAD	META&id	NAD					3 µM	3 µM	3 µM	3 µM	3 µM	3 µM	3 µM	3 µM							
83	hemin	https://metacyc.org/compound?orgid=META&id=CPD-11678	META&id	CPD-11678					770 nM	770 nM	770 nM	770 nM	770 nM	770 nM	770 nM	770 nM					15 µM		7.7 µM
84	iodide	https://metacyc.org/compound?orgid=META&id=CPD-387	META&id	CPD-387					663 nM	663 nM	663 nM	663 nM	663 nM	663 nM	663 nM	663 nM				663 nM			
85	heptamolybdate	https://metacyc.org/compound?orgid=META&id=CPD0-2517	META&id	CPD0-2517					153.74 nM	153.74 nM	153.74 nM	153.74 nM	153.74 nM	153.74 nM	153.74 nM	153.74 nM				153.74 nM			
86	potassiumacetate	https://metacyc.org/compound?orgid=META&id=CPD-22893	META&id	CPD-22893																			
87	amucin	https://metacyc.org/META/NEW-IMAGE?type=ENZYME&object=Mucin	ENZYME&object	Mucin																			
88	meatextract	https://metacyc.org/META/NEW-IMAGE?type=Non-Defined-Mixtures&object=MIX-10908	Non-Defined-Mixtures&object	MIX-10908																			
89	yeastextract	https://metacyc.org/META/NEW-IMAGE?type=Non-Defined-Mixtures&object=MIX0-804	Non-Defined-Mixtures&object	MIX0-804																			
90	phylloquinone	https://metacyc.org/compound?orgid=META&id=2-METHYL-3-PHYTYL-14-NAPHTHOQUINONE	META&id	2-METHYL-3-PHYTYL-14-NAPHTHOQUINONE																	11 µM		
91	liverextract	https://metacyc.org/META/NEW-IMAGE?type=Non-Defined-Mixtures&object=MIX-10911	Non-Defined-Mixtures&object	MIX-10911																			
92	soytone	https://metacyc.org/META/NEW-IMAGE?type=Non-Defined-Mixtures&object=MIX0-839	Non-Defined-Mixtures&object	MIX0-839																			
93	(S)-lactate	https://metacyc.org/compound?orgid=META&id=L-LACTATE	META&id	L-LACTATE																		89 mM	
94	carbonate	https://metacyc.org/compound?orgid=META&id=CO3	META&id	CO3																		5.2 mM	
95	glutamate	https://metacyc.org/META/NEW-IMAGE?type=COMPOUND&object=Glutamates	COMPOUND&object	Glutamates																		3.4 mM	
96	putrescine	https://metacyc.org/compound?orgid=META&id=PUTRESCINE	META&id	PUTRESCINE																		31 µM	
97	pyridoxal	https://metacyc.org/compound?orgid=META&id=PYRIDOXAL	META&id	PYRIDOXAL																		9.8 µM	
98	metavanadate	https://metacyc.org/compound?orgid=META&id=CPD-22911	META&id	CPD-22911																		8.2 µM	
99	pyruvate	https://metacyc.org/compound?orgid=META&id=PYRUVATE	META&id	PYRUVATE																			5.2 mM
100	(E)-3-penten-2-one	https://metacyc.org/compound?orgid=META&id=CPD-16989	META&id	CPD-16989																			5.2 mM
